team,opponent,location,goals_for,goals_against,result,team_rating,opponent_rating,rating_diff,team_points,opponent_points,points_diff,round,started,finished,cancelled,goals_conceded_per_match,goals_conceded_per_match_opp,interceptions_per_match,interceptions_per_match_opp,shots_on_target_per_match,shots_on_target_per_match_opp,penalties_conceded,penalties_conceded_opp,penalties_won,penalties_won_opp,goals_per_match,goals_per_match_opp,table_rank,table_rank_opp,defensive_pressure_ratio,discipline_gap,attack_efficiency,is_win,last_5_wins,is_draw,is_loss,last_5_draws,last_5_losses,last_5_total,last_5_win_rate
1. FC Köln,VfB Stuttgart,1,0,2,-1,,7.16,,27,73,-46,6,True,True,False,,1.1,,7.9,,6.4,,3.0,,8.0,,2.3,17,2,,,,0,0.0,0,1,0.0,1.0,1.0,0.0
1. FC Köln,Bayer Leverkusen,0,0,3,-1,,7.46,,27,90,-63,7,True,True,False,,0.7,,6.6,,7.1,,,,8.0,,2.6,17,1,,,,0,0.0,0,1,0.0,2.0,2.0,0.0
1. FC Köln,Borussia Mönchengladbach,1,3,1,1,,6.81,,27,34,-7,8,True,True,False,,2.0,,9.8,,4.6,,6.0,,6.0,,1.6,17,14,,,,1,1.0,0,0,0.0,2.0,3.0,0.3333333333333333
1. FC Köln,RB Leipzig,0,0,6,-1,,7.08,,27,65,-38,9,True,True,False,,1.1,,7.1,,6.6,,5.0,,7.0,,2.3,17,4,,,,0,1.0,0,1,0.0,3.0,4.0,0.25
1. FC Köln,Augsburg,1,1,1,0,,,,27,39,-12,10,True,True,False,,,,,,,,,,,,,17,11,,,,0,1.0,1,0,1.0,3.0,5.0,0.2
1. FC Köln,Bochum,0,1,1,0,,,,27,33,-6,11,True,True,False,,,,,,,,,,,,,17,16,,,,0,1.0,1,0,2.0,2.0,5.0,0.2
1. FC Köln,Bayern München,1,0,1,-1,,7.22,,27,72,-45,12,True,True,False,,1.3,,8.5,,7.1,,4.0,,5.0,,2.8,17,3,,,,0,1.0,0,1,2.0,2.0,5.0,0.2
1. FC Köln,Darmstadt,0,1,0,1,,,,27,17,10,13,True,True,False,,,,,,,,,,,,,17,18,,,,1,1.0,0,0,2.0,2.0,5.0,0.2
1. FC Köln,Mainz 05,1,0,0,0,,6.85,,27,35,-8,14,True,True,False,,1.5,,10.2,,4.2,,4.0,,5.0,,1.1,17,13,,,,0,1.0,1,0,3.0,1.0,5.0,0.2
1. FC Köln,Freiburg,0,0,2,-1,,,,27,42,-15,15,True,True,False,,,,,,,,,,,,,17,10,,,,0,1.0,0,1,2.0,2.0,5.0,0.2
1. FC Köln,Union Berlin,0,0,2,-1,,6.67,,27,33,-6,16,True,True,False,,1.7,,9.0,,4.0,,7.0,,6.0,,1.0,17,15,,,,0,1.0,0,1,1.0,3.0,5.0,0.2
1. FC Köln,FC Heidenheim,1,1,1,0,,6.79,,27,42,-15,17,True,True,False,,1.6,,8.9,,3.5,,10.0,,3.0,,1.5,17,8,,,,0,1.0,1,0,2.0,2.0,5.0,0.2
1. FC Köln,Borussia Dortmund,1,0,4,-1,,7.04,,27,63,-36,18,True,True,False,,1.3,,7.4,,5.6,,6.0,,6.0,,2.0,17,5,,,,0,0.0,0,1,2.0,3.0,5.0,0.0
1. FC Köln,Wolfsburg,0,1,1,0,,6.73,,27,37,-10,19,True,True,False,,1.6,,7.9,,4.4,,3.0,,3.0,,1.2,17,12,,,,0,0.0,1,0,2.0,3.0,5.0,0.0
1. FC Köln,Eintracht Frankfurt,1,2,0,1,,6.87,,27,47,-20,20,True,True,False,,1.5,,8.9,,4.3,,11.0,,3.0,,1.5,17,6,,,,1,1.0,0,0,2.0,2.0,5.0,0.2
1. FC Köln,Hoffenheim,0,1,1,0,,,,27,46,-19,21,True,True,False,,,,,,,,,,,,,17,7,,,,0,1.0,1,0,3.0,1.0,5.0,0.2
1. FC Köln,Werder Bremen,1,0,1,-1,,6.89,,27,42,-15,22,True,True,False,,1.6,,8.4,,3.9,,6.0,,6.0,,1.4,17,9,,,,0,1.0,0,1,2.0,2.0,5.0,0.2
1. FC Köln,VfB Stuttgart,0,1,1,0,,7.16,,27,73,-46,23,True,True,False,,1.1,,7.9,,6.4,,3.0,,8.0,,2.3,17,2,,,,0,1.0,1,0,3.0,1.0,5.0,0.2
1. FC Köln,Bayer Leverkusen,1,0,2,-1,,7.46,,27,90,-63,24,True,True,False,,0.7,,6.6,,7.1,,,,8.0,,2.6,17,1,,,,0,1.0,0,1,2.0,2.0,5.0,0.2
1. FC Köln,Borussia Mönchengladbach,0,3,3,0,,6.81,,27,34,-7,25,True,True,False,,2.0,,9.8,,4.6,,6.0,,6.0,,1.6,17,14,,,,0,0.0,1,0,3.0,2.0,5.0,0.0
1. FC Köln,RB Leipzig,1,1,5,-1,,7.08,,27,65,-38,26,True,True,False,,1.1,,7.1,,6.6,,5.0,,7.0,,2.3,17,4,,,,0,0.0,0,1,2.0,3.0,5.0,0.0
1. FC Köln,Augsburg,0,1,1,0,,,,27,39,-12,27,True,True,False,,,,,,,,,,,,,17,11,,,,0,0.0,1,0,3.0,2.0,5.0,0.0
1. FC Köln,Bochum,1,2,1,1,,,,27,33,-6,28,True,True,False,,,,,,,,,,,,,17,16,,,,1,1.0,0,0,2.0,2.0,5.0,0.2
1. FC Köln,Bayern München,0,0,2,-1,,7.22,,27,72,-45,29,True,True,False,,1.3,,8.5,,7.1,,4.0,,5.0,,2.8,17,3,,,,0,1.0,0,1,2.0,2.0,5.0,0.2
1. FC Köln,Darmstadt,1,0,2,-1,,,,27,17,10,30,True,True,False,,,,,,,,,,,,,17,18,,,,0,1.0,0,1,1.0,3.0,5.0,0.2
1. FC Köln,Mainz 05,0,1,1,0,,6.85,,27,35,-8,31,True,True,False,,1.5,,10.2,,4.2,,4.0,,5.0,,1.1,17,13,,,,0,1.0,1,0,2.0,2.0,5.0,0.2
1. FC Köln,Freiburg,1,0,0,0,,,,27,42,-15,32,True,True,False,,,,,,,,,,,,,17,10,,,,0,1.0,1,0,2.0,2.0,5.0,0.2
1. FC Köln,Union Berlin,1,3,2,1,,6.67,,27,33,-6,33,True,True,False,,1.7,,9.0,,4.0,,7.0,,6.0,,1.0,17,15,,,,1,1.0,0,0,2.0,2.0,5.0,0.2
1. FC Köln,FC Heidenheim,0,1,4,-1,,6.79,,27,42,-15,34,True,True,False,,1.6,,8.9,,3.5,,10.0,,3.0,,1.5,17,8,,,,0,1.0,0,1,2.0,2.0,5.0,0.2
Augsburg,Freiburg,0,0,2,-1,,,,39,42,-3,6,True,True,False,,,,,,,,,,,,,11,10,,,,0,0.0,0,1,0.0,1.0,1.0,0.0
Augsburg,Darmstadt,1,1,2,-1,,,,39,17,22,7,True,True,False,,,,,,,,,,,,,11,18,,,,0,0.0,0,1,0.0,2.0,2.0,0.0
Augsburg,FC Heidenheim,0,5,2,1,,6.79,,39,42,-3,8,True,True,False,,1.6,,8.9,,3.5,,10.0,,3.0,,1.5,11,8,,,,1,1.0,0,0,0.0,2.0,3.0,0.3333333333333333
Augsburg,Wolfsburg,1,3,2,1,,6.73,,39,37,2,9,True,True,False,,1.6,,7.9,,4.4,,3.0,,3.0,,1.2,11,12,,,,1,2.0,0,0,0.0,2.0,4.0,0.5
Augsburg,1. FC Köln,0,1,1,0,,,,39,27,12,10,True,True,False,,,,,,,,,,,,,11,17,,,,0,2.0,1,0,1.0,2.0,5.0,0.4
Augsburg,Hoffenheim,1,1,1,0,,,,39,46,-7,11,True,True,False,,,,,,,,,,,,,11,7,,,,0,2.0,1,0,2.0,1.0,5.0,0.4
Augsburg,Union Berlin,0,1,1,0,,6.67,,39,33,6,12,True,True,False,,1.7,,9.0,,4.0,,7.0,,6.0,,1.0,11,15,,,,0,2.0,1,0,3.0,0.0,5.0,0.4
Augsburg,Eintracht Frankfurt,1,2,1,1,,6.87,,39,47,-8,13,True,True,False,,1.5,,8.9,,4.3,,11.0,,3.0,,1.5,11,6,,,,1,2.0,0,0,3.0,0.0,5.0,0.4
Augsburg,Werder Bremen,0,0,2,-1,,6.89,,39,42,-3,14,True,True,False,,1.6,,8.4,,3.9,,6.0,,6.0,,1.4,11,9,,,,0,1.0,0,1,3.0,1.0,5.0,0.2
Augsburg,Borussia Dortmund,1,1,1,0,,7.04,,39,63,-24,15,True,True,False,,1.3,,7.4,,5.6,,6.0,,6.0,,2.0,11,5,,,,0,1.0,1,0,3.0,1.0,5.0,0.2
Augsburg,VfB Stuttgart,0,0,3,-1,,7.16,,39,73,-34,16,True,True,False,,1.1,,7.9,,6.4,,3.0,,8.0,,2.3,11,2,,,,0,1.0,0,1,2.0,2.0,5.0,0.2
Augsburg,Bayer Leverkusen,1,0,1,-1,,7.46,,39,90,-51,17,True,True,False,,0.7,,6.6,,7.1,,,,8.0,,2.6,11,1,,,,0,1.0,0,1,1.0,3.0,5.0,0.2
Augsburg,Borussia Mönchengladbach,0,2,1,1,,6.81,,39,34,5,18,True,True,False,,2.0,,9.8,,4.6,,6.0,,6.0,,1.6,11,14,,,,1,1.0,0,0,1.0,3.0,5.0,0.2
Augsburg,Bayern München,1,2,3,-1,,7.22,,39,72,-33,19,True,True,False,,1.3,,8.5,,7.1,,4.0,,5.0,,2.8,11,3,,,,0,1.0,0,1,1.0,3.0,5.0,0.2
Augsburg,Bochum,0,1,1,0,,,,39,33,6,20,True,True,False,,,,,,,,,,,,,11,16,,,,0,1.0,1,0,1.0,3.0,5.0,0.2
Augsburg,RB Leipzig,1,2,2,0,,7.08,,39,65,-26,21,True,True,False,,1.1,,7.1,,6.6,,5.0,,7.0,,2.3,11,4,,,,0,1.0,1,0,2.0,2.0,5.0,0.2
Augsburg,Mainz 05,0,0,1,-1,,6.85,,39,35,4,22,True,True,False,,1.5,,10.2,,4.2,,4.0,,5.0,,1.1,11,13,,,,0,1.0,0,1,2.0,2.0,5.0,0.2
Augsburg,Freiburg,1,2,1,1,,,,39,42,-3,23,True,True,False,,,,,,,,,,,,,11,10,,,,1,1.0,0,0,2.0,2.0,5.0,0.2
Augsburg,Darmstadt,0,6,0,1,,,,39,17,22,24,True,True,False,,,,,,,,,,,,,11,18,,,,1,2.0,0,0,2.0,1.0,5.0,0.4
Augsburg,FC Heidenheim,1,1,0,1,,6.79,,39,42,-3,25,True,True,False,,1.6,,8.9,,3.5,,10.0,,3.0,,1.5,11,8,,,,1,3.0,0,0,1.0,1.0,5.0,0.6
Augsburg,Wolfsburg,0,3,1,1,,6.73,,39,37,2,26,True,True,False,,1.6,,7.9,,4.4,,3.0,,3.0,,1.2,11,12,,,,1,4.0,0,0,0.0,1.0,5.0,0.8
Augsburg,1. FC Köln,1,1,1,0,,,,39,27,12,27,True,True,False,,,,,,,,,,,,,11,17,,,,0,4.0,1,0,1.0,0.0,5.0,0.8
Augsburg,Hoffenheim,0,1,3,-1,,,,39,46,-7,28,True,True,False,,,,,,,,,,,,,11,7,,,,0,3.0,0,1,1.0,1.0,5.0,0.6
Augsburg,Union Berlin,1,2,0,1,,6.67,,39,33,6,29,True,True,False,,1.7,,9.0,,4.0,,7.0,,6.0,,1.0,11,15,,,,1,3.0,0,0,1.0,1.0,5.0,0.6
Augsburg,Eintracht Frankfurt,0,1,3,-1,,6.87,,39,47,-8,30,True,True,False,,1.5,,8.9,,4.3,,11.0,,3.0,,1.5,11,6,,,,0,2.0,0,1,1.0,2.0,5.0,0.4
Augsburg,Werder Bremen,1,0,3,-1,,6.89,,39,42,-3,31,True,True,False,,1.6,,8.4,,3.9,,6.0,,6.0,,1.4,11,9,,,,0,1.0,0,1,1.0,3.0,5.0,0.2
Augsburg,Borussia Dortmund,0,1,5,-1,,7.04,,39,63,-24,32,True,True,False,,1.3,,7.4,,5.6,,6.0,,6.0,,2.0,11,5,,,,0,1.0,0,1,0.0,4.0,5.0,0.2
Augsburg,VfB Stuttgart,1,0,1,-1,,7.16,,39,73,-34,33,True,True,False,,1.1,,7.9,,6.4,,3.0,,8.0,,2.3,11,2,,,,0,1.0,0,1,0.0,4.0,5.0,0.2
Augsburg,Bayer Leverkusen,0,1,2,-1,,7.46,,39,90,-51,34,True,True,False,,0.7,,6.6,,7.1,,,,8.0,,2.6,11,1,,,,0,0.0,0,1,0.0,5.0,5.0,0.0
Bayer Leverkusen,Mainz 05,0,3,0,1,7.46,6.85,0.6100000000000003,90,35,55,6,True,True,False,0.7,1.5,6.6,10.2,7.1,4.2,,4.0,8.0,5.0,2.6,1.1,1,13,0.6470588235294118,,0.3661971830985915,1,1.0,0,0,0.0,0.0,1.0,1.0
Bayer Leverkusen,1. FC Köln,1,3,0,1,7.46,,,90,27,63,7,True,True,False,0.7,,6.6,,7.1,,,,8.0,,2.6,,1,17,,,0.3661971830985915,1,2.0,0,0,0.0,0.0,2.0,1.0
Bayer Leverkusen,Wolfsburg,0,2,1,1,7.46,6.73,0.7299999999999995,90,37,53,8,True,True,False,0.7,1.6,6.6,7.9,7.1,4.4,,3.0,8.0,3.0,2.6,1.2,1,12,0.8354430379746834,,0.3661971830985915,1,3.0,0,0,0.0,0.0,3.0,1.0
Bayer Leverkusen,Freiburg,1,2,1,1,7.46,,,90,42,48,9,True,True,False,0.7,,6.6,,7.1,,,,8.0,,2.6,,1,10,,,0.3661971830985915,1,4.0,0,0,0.0,0.0,4.0,1.0
Bayer Leverkusen,Hoffenheim,0,3,2,1,7.46,,,90,46,44,10,True,True,False,0.7,,6.6,,7.1,,,,8.0,,2.6,,1,7,,,0.3661971830985915,1,5.0,0,0,0.0,0.0,5.0,1.0
Bayer Leverkusen,Union Berlin,1,4,0,1,7.46,6.67,0.79,90,33,57,11,True,True,False,0.7,1.7,6.6,9.0,7.1,4.0,,7.0,8.0,6.0,2.6,1.0,1,15,0.7333333333333333,,0.3661971830985915,1,5.0,0,0,0.0,0.0,5.0,1.0
Bayer Leverkusen,Werder Bremen,0,3,0,1,7.46,6.89,0.5700000000000003,90,42,48,12,True,True,False,0.7,1.6,6.6,8.4,7.1,3.9,,6.0,8.0,6.0,2.6,1.4,1,9,0.7857142857142856,,0.3661971830985915,1,5.0,0,0,0.0,0.0,5.0,1.0
Bayer Leverkusen,Borussia Dortmund,1,1,1,0,7.46,7.04,0.4199999999999999,90,63,27,13,True,True,False,0.7,1.3,6.6,7.4,7.1,5.6,,6.0,8.0,6.0,2.6,2.0,1,5,0.8918918918918918,,0.3661971830985915,0,4.0,1,0,1.0,0.0,5.0,0.8
Bayer Leverkusen,VfB Stuttgart,0,1,1,0,7.46,7.16,0.2999999999999998,90,73,17,14,True,True,False,0.7,1.1,6.6,7.9,7.1,6.4,,3.0,8.0,8.0,2.6,2.3,1,2,0.8354430379746834,,0.3661971830985915,0,3.0,1,0,2.0,0.0,5.0,0.6
Bayer Leverkusen,Eintracht Frankfurt,1,3,0,1,7.46,6.87,0.5899999999999999,90,47,43,15,True,True,False,0.7,1.5,6.6,8.9,7.1,4.3,,11.0,8.0,3.0,2.6,1.5,1,6,0.7415730337078651,,0.3661971830985915,1,3.0,0,0,2.0,0.0,5.0,0.6
Bayer Leverkusen,Bochum,1,4,0,1,7.46,,,90,33,57,16,True,True,False,0.7,,6.6,,7.1,,,,8.0,,2.6,,1,16,,,0.3661971830985915,1,3.0,0,0,2.0,0.0,5.0,0.6
Bayer Leverkusen,Augsburg,0,1,0,1,7.46,,,90,39,51,17,True,True,False,0.7,,6.6,,7.1,,,,8.0,,2.6,,1,11,,,0.3661971830985915,1,3.0,0,0,2.0,0.0,5.0,0.6
Bayer Leverkusen,RB Leipzig,0,3,2,1,7.46,7.08,0.3799999999999999,90,65,25,18,True,True,False,0.7,1.1,6.6,7.1,7.1,6.6,,5.0,8.0,7.0,2.6,2.3,1,4,0.9295774647887324,,0.3661971830985915,1,4.0,0,0,1.0,0.0,5.0,0.8
Bayer Leverkusen,Borussia Mönchengladbach,1,0,0,0,7.46,6.81,0.6500000000000004,90,34,56,19,True,True,False,0.7,2.0,6.6,9.8,7.1,4.6,,6.0,8.0,6.0,2.6,1.6,1,14,0.6734693877551019,,0.3661971830985915,0,4.0,1,0,1.0,0.0,5.0,0.8
Bayer Leverkusen,Darmstadt,0,2,0,1,7.46,,,90,17,73,20,True,True,False,0.7,,6.6,,7.1,,,,8.0,,2.6,,1,18,,,0.3661971830985915,1,4.0,0,0,1.0,0.0,5.0,0.8
Bayer Leverkusen,Bayern München,1,3,0,1,7.46,7.22,0.2400000000000002,90,72,18,21,True,True,False,0.7,1.3,6.6,8.5,7.1,7.1,,4.0,8.0,5.0,2.6,2.8,1,3,0.776470588235294,,0.3661971830985915,1,4.0,0,0,1.0,0.0,5.0,0.8
Bayer Leverkusen,FC Heidenheim,0,2,1,1,7.46,6.79,0.6699999999999999,90,42,48,22,True,True,False,0.7,1.6,6.6,8.9,7.1,3.5,,10.0,8.0,3.0,2.6,1.5,1,8,0.7415730337078651,,0.3661971830985915,1,4.0,0,0,1.0,0.0,5.0,0.8
Bayer Leverkusen,Mainz 05,1,2,1,1,7.46,6.85,0.6100000000000003,90,35,55,23,True,True,False,0.7,1.5,6.6,10.2,7.1,4.2,,4.0,8.0,5.0,2.6,1.1,1,13,0.6470588235294118,,0.3661971830985915,1,4.0,0,0,1.0,0.0,5.0,0.8
Bayer Leverkusen,1. FC Köln,0,2,0,1,7.46,,,90,27,63,24,True,True,False,0.7,,6.6,,7.1,,,,8.0,,2.6,,1,17,,,0.3661971830985915,1,5.0,0,0,0.0,0.0,5.0,1.0
Bayer Leverkusen,Wolfsburg,1,2,0,1,7.46,6.73,0.7299999999999995,90,37,53,25,True,True,False,0.7,1.6,6.6,7.9,7.1,4.4,,3.0,8.0,3.0,2.6,1.2,1,12,0.8354430379746834,,0.3661971830985915,1,5.0,0,0,0.0,0.0,5.0,1.0
Bayer Leverkusen,Freiburg,0,3,2,1,7.46,,,90,42,48,26,True,True,False,0.7,,6.6,,7.1,,,,8.0,,2.6,,1,10,,,0.3661971830985915,1,5.0,0,0,0.0,0.0,5.0,1.0
Bayer Leverkusen,Hoffenheim,1,2,1,1,7.46,,,90,46,44,27,True,True,False,0.7,,6.6,,7.1,,,,8.0,,2.6,,1,7,,,0.3661971830985915,1,5.0,0,0,0.0,0.0,5.0,1.0
Bayer Leverkusen,Union Berlin,0,1,0,1,7.46,6.67,0.79,90,33,57,28,True,True,False,0.7,1.7,6.6,9.0,7.1,4.0,,7.0,8.0,6.0,2.6,1.0,1,15,0.7333333333333333,,0.3661971830985915,1,5.0,0,0,0.0,0.0,5.0,1.0
Bayer Leverkusen,Werder Bremen,1,5,0,1,7.46,6.89,0.5700000000000003,90,42,48,29,True,True,False,0.7,1.6,6.6,8.4,7.1,3.9,,6.0,8.0,6.0,2.6,1.4,1,9,0.7857142857142856,,0.3661971830985915,1,5.0,0,0,0.0,0.0,5.0,1.0
Bayer Leverkusen,Borussia Dortmund,0,1,1,0,7.46,7.04,0.4199999999999999,90,63,27,30,True,True,False,0.7,1.3,6.6,7.4,7.1,5.6,,6.0,8.0,6.0,2.6,2.0,1,5,0.8918918918918918,,0.3661971830985915,0,4.0,1,0,1.0,0.0,5.0,0.8
Bayer Leverkusen,VfB Stuttgart,1,2,2,0,7.46,7.16,0.2999999999999998,90,73,17,31,True,True,False,0.7,1.1,6.6,7.9,7.1,6.4,,3.0,8.0,8.0,2.6,2.3,1,2,0.8354430379746834,,0.3661971830985915,0,3.0,1,0,2.0,0.0,5.0,0.6
Bayer Leverkusen,Eintracht Frankfurt,0,5,1,1,7.46,6.87,0.5899999999999999,90,47,43,32,True,True,False,0.7,1.5,6.6,8.9,7.1,4.3,,11.0,8.0,3.0,2.6,1.5,1,6,0.7415730337078651,,0.3661971830985915,1,3.0,0,0,2.0,0.0,5.0,0.6
Bayer Leverkusen,Bochum,0,5,0,1,7.46,,,90,33,57,33,True,True,False,0.7,,6.6,,7.1,,,,8.0,,2.6,,1,16,,,0.3661971830985915,1,3.0,0,0,2.0,0.0,5.0,0.6
Bayer Leverkusen,Augsburg,1,2,1,1,7.46,,,90,39,51,34,True,True,False,0.7,,6.6,,7.1,,,,8.0,,2.6,,1,11,,,0.3661971830985915,1,3.0,0,0,2.0,0.0,5.0,0.6
Bayern München,RB Leipzig,0,2,2,0,7.22,7.08,0.1399999999999996,72,65,7,6,True,True,False,1.3,1.1,8.5,7.1,7.1,6.6,4.0,5.0,5.0,7.0,2.8,2.3,3,4,1.1971830985915493,-1.0,0.3943661971830985,0,0.0,1,0,1.0,0.0,1.0,0.0
Bayern München,Freiburg,1,3,0,1,7.22,,,72,42,30,7,True,True,False,1.3,,8.5,,7.1,,4.0,,5.0,,2.8,,3,10,,,0.3943661971830985,1,1.0,0,0,1.0,0.0,2.0,0.5
Bayern München,Mainz 05,0,3,1,1,7.22,6.85,0.3700000000000001,72,35,37,8,True,True,False,1.3,1.5,8.5,10.2,7.1,4.2,4.0,4.0,5.0,5.0,2.8,1.1,3,13,0.8333333333333334,0.0,0.3943661971830985,1,2.0,0,0,1.0,0.0,3.0,0.6666666666666666
Bayern München,Darmstadt,1,8,0,1,7.22,,,72,17,55,9,True,True,False,1.3,,8.5,,7.1,,4.0,,5.0,,2.8,,3,18,,,0.3943661971830985,1,3.0,0,0,1.0,0.0,4.0,0.75
Bayern München,Borussia Dortmund,0,4,0,1,7.22,7.04,0.1799999999999997,72,63,9,10,True,True,False,1.3,1.3,8.5,7.4,7.1,5.6,4.0,6.0,5.0,6.0,2.8,2.0,3,5,1.148648648648649,-2.0,0.3943661971830985,1,4.0,0,0,1.0,0.0,5.0,0.8
Bayern München,FC Heidenheim,1,4,2,1,7.22,6.79,0.4299999999999997,72,42,30,11,True,True,False,1.3,1.6,8.5,8.9,7.1,3.5,4.0,10.0,5.0,3.0,2.8,1.5,3,8,0.9550561797752808,-6.0,0.3943661971830985,1,5.0,0,0,0.0,0.0,5.0,1.0
Bayern München,1. FC Köln,0,1,0,1,7.22,,,72,27,45,12,True,True,False,1.3,,8.5,,7.1,,4.0,,5.0,,2.8,,3,17,,,0.3943661971830985,1,5.0,0,0,0.0,0.0,5.0,1.0
Bayern München,Union Berlin,1,1,0,1,7.22,6.67,0.5499999999999998,72,33,39,13,True,True,False,1.3,1.7,8.5,9.0,7.1,4.0,4.0,7.0,5.0,6.0,2.8,1.0,3,15,0.9444444444444444,-3.0,0.3943661971830985,1,5.0,0,0,0.0,0.0,5.0,1.0
Bayern München,Eintracht Frankfurt,0,1,5,-1,7.22,6.87,0.3499999999999996,72,47,25,14,True,True,False,1.3,1.5,8.5,8.9,7.1,4.3,4.0,11.0,5.0,3.0,2.8,1.5,3,6,0.9550561797752808,-7.0,0.3943661971830985,0,4.0,0,1,0.0,1.0,5.0,0.8
Bayern München,VfB Stuttgart,1,3,0,1,7.22,7.16,0.0599999999999996,72,73,-1,15,True,True,False,1.3,1.1,8.5,7.9,7.1,6.4,4.0,3.0,5.0,8.0,2.8,2.3,3,2,1.0759493670886076,1.0,0.3943661971830985,1,4.0,0,0,0.0,1.0,5.0,0.8
Bayern München,Wolfsburg,0,2,1,1,7.22,6.73,0.4899999999999993,72,37,35,16,True,True,False,1.3,1.6,8.5,7.9,7.1,4.4,4.0,3.0,5.0,3.0,2.8,1.2,3,12,1.0759493670886076,1.0,0.3943661971830985,1,4.0,0,0,0.0,1.0,5.0,0.8
Bayern München,Hoffenheim,1,3,0,1,7.22,,,72,46,26,17,True,True,False,1.3,,8.5,,7.1,,4.0,,5.0,,2.8,,3,7,,,0.3943661971830985,1,4.0,0,0,0.0,1.0,5.0,0.8
Bayern München,Werder Bremen,1,0,1,-1,7.22,6.89,0.33,72,42,30,18,True,True,False,1.3,1.6,8.5,8.4,7.1,3.9,4.0,6.0,5.0,6.0,2.8,1.4,3,9,1.011904761904762,-2.0,0.3943661971830985,0,3.0,0,1,0.0,2.0,5.0,0.6
Bayern München,Augsburg,0,3,2,1,7.22,,,72,39,33,19,True,True,False,1.3,,8.5,,7.1,,4.0,,5.0,,2.8,,3,11,,,0.3943661971830985,1,4.0,0,0,0.0,1.0,5.0,0.8
Bayern München,Borussia Mönchengladbach,1,3,1,1,7.22,6.81,0.4100000000000001,72,34,38,20,True,True,False,1.3,2.0,8.5,9.8,7.1,4.6,4.0,6.0,5.0,6.0,2.8,1.6,3,14,0.8673469387755102,-2.0,0.3943661971830985,1,4.0,0,0,0.0,1.0,5.0,0.8
Bayern München,Bayer Leverkusen,0,0,3,-1,7.22,7.46,-0.2400000000000002,72,90,-18,21,True,True,False,1.3,0.7,8.5,6.6,7.1,7.1,4.0,,5.0,8.0,2.8,2.6,3,1,1.2878787878787878,,0.3943661971830985,0,3.0,0,1,0.0,2.0,5.0,0.6
Bayern München,Bochum,0,2,3,-1,7.22,,,72,33,39,22,True,True,False,1.3,,8.5,,7.1,,4.0,,5.0,,2.8,,3,16,,,0.3943661971830985,0,2.0,0,1,0.0,3.0,5.0,0.4
Bayern München,RB Leipzig,1,2,1,1,7.22,7.08,0.1399999999999996,72,65,7,23,True,True,False,1.3,1.1,8.5,7.1,7.1,6.6,4.0,5.0,5.0,7.0,2.8,2.3,3,4,1.1971830985915493,-1.0,0.3943661971830985,1,3.0,0,0,0.0,2.0,5.0,0.6
Bayern München,Freiburg,0,2,2,0,7.22,,,72,42,30,24,True,True,False,1.3,,8.5,,7.1,,4.0,,5.0,,2.8,,3,10,,,0.3943661971830985,0,2.0,1,0,1.0,2.0,5.0,0.4
Bayern München,Mainz 05,1,8,1,1,7.22,6.85,0.3700000000000001,72,35,37,25,True,True,False,1.3,1.5,8.5,10.2,7.1,4.2,4.0,4.0,5.0,5.0,2.8,1.1,3,13,0.8333333333333334,0.0,0.3943661971830985,1,2.0,0,0,1.0,2.0,5.0,0.4
Bayern München,Darmstadt,0,5,2,1,7.22,,,72,17,55,26,True,True,False,1.3,,8.5,,7.1,,4.0,,5.0,,2.8,,3,18,,,0.3943661971830985,1,3.0,0,0,1.0,1.0,5.0,0.6
Bayern München,Borussia Dortmund,1,0,2,-1,7.22,7.04,0.1799999999999997,72,63,9,27,True,True,False,1.3,1.3,8.5,7.4,7.1,5.6,4.0,6.0,5.0,6.0,2.8,2.0,3,5,1.148648648648649,-2.0,0.3943661971830985,0,3.0,0,1,1.0,1.0,5.0,0.6
Bayern München,FC Heidenheim,0,2,3,-1,7.22,6.79,0.4299999999999997,72,42,30,28,True,True,False,1.3,1.6,8.5,8.9,7.1,3.5,4.0,10.0,5.0,3.0,2.8,1.5,3,8,0.9550561797752808,-6.0,0.3943661971830985,0,2.0,0,1,1.0,2.0,5.0,0.4
Bayern München,1. FC Köln,1,2,0,1,7.22,,,72,27,45,29,True,True,False,1.3,,8.5,,7.1,,4.0,,5.0,,2.8,,3,17,,,0.3943661971830985,1,3.0,0,0,0.0,2.0,5.0,0.6
Bayern München,Union Berlin,0,5,1,1,7.22,6.67,0.5499999999999998,72,33,39,30,True,True,False,1.3,1.7,8.5,9.0,7.1,4.0,4.0,7.0,5.0,6.0,2.8,1.0,3,15,0.9444444444444444,-3.0,0.3943661971830985,1,3.0,0,0,0.0,2.0,5.0,0.6
Bayern München,Eintracht Frankfurt,1,2,1,1,7.22,6.87,0.3499999999999996,72,47,25,31,True,True,False,1.3,1.5,8.5,8.9,7.1,4.3,4.0,11.0,5.0,3.0,2.8,1.5,3,6,0.9550561797752808,-7.0,0.3943661971830985,1,3.0,0,0,0.0,2.0,5.0,0.6
Bayern München,VfB Stuttgart,0,1,3,-1,7.22,7.16,0.0599999999999996,72,73,-1,32,True,True,False,1.3,1.1,8.5,7.9,7.1,6.4,4.0,3.0,5.0,8.0,2.8,2.3,3,2,1.0759493670886076,1.0,0.3943661971830985,0,3.0,0,1,0.0,2.0,5.0,0.6
Bayern München,Wolfsburg,1,2,0,1,7.22,6.73,0.4899999999999993,72,37,35,33,True,True,False,1.3,1.6,8.5,7.9,7.1,4.4,4.0,3.0,5.0,3.0,2.8,1.2,3,12,1.0759493670886076,1.0,0.3943661971830985,1,4.0,0,0,0.0,1.0,5.0,0.8
Bayern München,Hoffenheim,0,2,4,-1,7.22,,,72,46,26,34,True,True,False,1.3,,8.5,,7.1,,4.0,,5.0,,2.8,,3,7,,,0.3943661971830985,0,3.0,0,1,0.0,2.0,5.0,0.6
Bochum,Borussia Mönchengladbach,1,1,3,-1,,6.81,,33,34,-1,6,True,True,False,,2.0,,9.8,,4.6,,6.0,,6.0,,1.6,16,14,,,,0,0.0,0,1,0.0,1.0,1.0,0.0
Bochum,RB Leipzig,0,0,0,0,,7.08,,33,65,-32,7,True,True,False,,1.1,,7.1,,6.6,,5.0,,7.0,,2.3,16,4,,,,0,0.0,1,0,1.0,1.0,2.0,0.0
Bochum,Freiburg,0,1,2,-1,,,,33,42,-9,8,True,True,False,,,,,,,,,,,,,16,10,,,,0,0.0,0,1,1.0,2.0,3.0,0.0
Bochum,Mainz 05,1,2,2,0,,6.85,,33,35,-2,9,True,True,False,,1.5,,10.2,,4.2,,4.0,,5.0,,1.1,16,13,,,,0,0.0,1,0,2.0,2.0,4.0,0.0
Bochum,Darmstadt,0,2,1,1,,,,33,17,16,10,True,True,False,,,,,,,,,,,,,16,18,,,,1,1.0,0,0,2.0,2.0,5.0,0.2
Bochum,1. FC Köln,1,1,1,0,,,,33,27,6,11,True,True,False,,,,,,,,,,,,,16,17,,,,0,1.0,1,0,3.0,1.0,5.0,0.2
Bochum,FC Heidenheim,0,0,0,0,,6.79,,33,42,-9,12,True,True,False,,1.6,,8.9,,3.5,,10.0,,3.0,,1.5,16,8,,,,0,1.0,1,0,3.0,1.0,5.0,0.2
Bochum,Wolfsburg,1,3,1,1,,6.73,,33,37,-4,13,True,True,False,,1.6,,7.9,,4.4,,3.0,,3.0,,1.2,16,12,,,,1,2.0,0,0,3.0,0.0,5.0,0.4
Bochum,Hoffenheim,0,1,3,-1,,,,33,46,-13,14,True,True,False,,,,,,,,,,,,,16,7,,,,0,2.0,0,1,2.0,1.0,5.0,0.4
Bochum,Union Berlin,1,3,0,1,,6.67,,33,33,0,15,True,True,False,,1.7,,9.0,,4.0,,7.0,,6.0,,1.0,16,15,,,,1,2.0,0,0,2.0,1.0,5.0,0.4
Bochum,Bayer Leverkusen,0,0,4,-1,,7.46,,33,90,-57,16,True,True,False,,0.7,,6.6,,7.1,,,,8.0,,2.6,16,1,,,,0,2.0,0,1,1.0,2.0,5.0,0.4
Bochum,Werder Bremen,1,1,1,0,,6.89,,33,42,-9,17,True,True,False,,1.6,,8.4,,3.9,,6.0,,6.0,,1.4,16,9,,,,0,2.0,1,0,1.0,2.0,5.0,0.4
Bochum,VfB Stuttgart,1,1,0,1,,7.16,,33,73,-40,18,True,True,False,,1.1,,7.9,,6.4,,3.0,,8.0,,2.3,16,2,,,,1,2.0,0,0,1.0,2.0,5.0,0.4
Bochum,Borussia Dortmund,0,1,3,-1,,7.04,,33,63,-30,19,True,True,False,,1.3,,7.4,,5.6,,6.0,,6.0,,2.0,16,5,,,,0,2.0,0,1,1.0,2.0,5.0,0.4
Bochum,Augsburg,1,1,1,0,,,,33,39,-6,20,True,True,False,,,,,,,,,,,,,16,11,,,,0,1.0,1,0,2.0,2.0,5.0,0.2
Bochum,Eintracht Frankfurt,0,1,1,0,,6.87,,33,47,-14,21,True,True,False,,1.5,,8.9,,4.3,,11.0,,3.0,,1.5,16,6,,,,0,1.0,1,0,3.0,1.0,5.0,0.2
Bochum,Bayern München,1,3,2,1,,7.22,,33,72,-39,22,True,True,False,,1.3,,8.5,,7.1,,4.0,,5.0,,2.8,16,3,,,,1,2.0,0,0,2.0,1.0,5.0,0.4
Bochum,Borussia Mönchengladbach,0,2,5,-1,,6.81,,33,34,-1,23,True,True,False,,2.0,,9.8,,4.6,,6.0,,6.0,,1.6,16,14,,,,0,1.0,0,1,2.0,2.0,5.0,0.2
Bochum,RB Leipzig,1,1,4,-1,,7.08,,33,65,-32,24,True,True,False,,1.1,,7.1,,6.6,,5.0,,7.0,,2.3,16,4,,,,0,1.0,0,1,2.0,2.0,5.0,0.2
Bochum,Freiburg,1,1,2,-1,,,,33,42,-9,25,True,True,False,,,,,,,,,,,,,16,10,,,,0,1.0,0,1,1.0,3.0,5.0,0.2
Bochum,Mainz 05,0,0,2,-1,,6.85,,33,35,-2,26,True,True,False,,1.5,,10.2,,4.2,,4.0,,5.0,,1.1,16,13,,,,0,1.0,0,1,0.0,4.0,5.0,0.2
Bochum,Darmstadt,1,2,2,0,,,,33,17,16,27,True,True,False,,,,,,,,,,,,,16,18,,,,0,0.0,1,0,1.0,4.0,5.0,0.0
Bochum,1. FC Köln,0,1,2,-1,,,,33,27,6,28,True,True,False,,,,,,,,,,,,,16,17,,,,0,0.0,0,1,1.0,4.0,5.0,0.0
Bochum,FC Heidenheim,1,1,1,0,,6.79,,33,42,-9,29,True,True,False,,1.6,,8.9,,3.5,,10.0,,3.0,,1.5,16,8,,,,0,0.0,1,0,2.0,3.0,5.0,0.0
Bochum,Wolfsburg,0,0,1,-1,,6.73,,33,37,-4,30,True,True,False,,1.6,,7.9,,4.4,,3.0,,3.0,,1.2,16,12,,,,0,0.0,0,1,2.0,3.0,5.0,0.0
Bochum,Hoffenheim,1,3,2,1,,,,33,46,-13,31,True,True,False,,,,,,,,,,,,,16,7,,,,1,1.0,0,0,2.0,2.0,5.0,0.2
Bochum,Union Berlin,0,4,3,1,,6.67,,33,33,0,32,True,True,False,,1.7,,9.0,,4.0,,7.0,,6.0,,1.0,16,15,,,,1,2.0,0,0,1.0,2.0,5.0,0.4
Bochum,Bayer Leverkusen,1,0,5,-1,,7.46,,33,90,-57,33,True,True,False,,0.7,,6.6,,7.1,,,,8.0,,2.6,16,1,,,,0,2.0,0,1,1.0,2.0,5.0,0.4
Bochum,Werder Bremen,0,1,4,-1,,6.89,,33,42,-9,34,True,True,False,,1.6,,8.4,,3.9,,6.0,,6.0,,1.4,16,9,,,,0,2.0,0,1,0.0,3.0,5.0,0.4
Borussia Dortmund,Hoffenheim,0,3,1,1,7.04,,,63,46,17,6,True,True,False,1.3,,7.4,,5.6,,6.0,,6.0,,2.0,,5,7,,,0.3571428571428571,1,1.0,0,0,0.0,0.0,1.0,1.0
Borussia Dortmund,Union Berlin,1,4,2,1,7.04,6.67,0.3700000000000001,63,33,30,7,True,True,False,1.3,1.7,7.4,9.0,5.6,4.0,6.0,7.0,6.0,6.0,2.0,1.0,5,15,0.8222222222222223,-1.0,0.3571428571428571,1,2.0,0,0,0.0,0.0,2.0,1.0
Borussia Dortmund,Werder Bremen,1,1,0,1,7.04,6.89,0.1500000000000003,63,42,21,8,True,True,False,1.3,1.6,7.4,8.4,5.6,3.9,6.0,6.0,6.0,6.0,2.0,1.4,5,9,0.8809523809523809,0.0,0.3571428571428571,1,3.0,0,0,0.0,0.0,3.0,1.0
Borussia Dortmund,Eintracht Frankfurt,0,3,3,0,7.04,6.87,0.1699999999999999,63,47,16,9,True,True,False,1.3,1.5,7.4,8.9,5.6,4.3,6.0,11.0,6.0,3.0,2.0,1.5,5,6,0.8314606741573034,-5.0,0.3571428571428571,0,3.0,1,0,1.0,0.0,4.0,0.75
Borussia Dortmund,Bayern München,1,0,4,-1,7.04,7.22,-0.1799999999999997,63,72,-9,10,True,True,False,1.3,1.3,7.4,8.5,5.6,7.1,6.0,4.0,6.0,5.0,2.0,2.8,5,3,0.8705882352941177,2.0,0.3571428571428571,0,3.0,0,1,1.0,1.0,5.0,0.6
Borussia Dortmund,VfB Stuttgart,0,1,2,-1,7.04,7.16,-0.1200000000000001,63,73,-10,11,True,True,False,1.3,1.1,7.4,7.9,5.6,6.4,6.0,3.0,6.0,8.0,2.0,2.3,5,2,0.9367088607594936,3.0,0.3571428571428571,0,2.0,0,1,1.0,2.0,5.0,0.4
Borussia Dortmund,Borussia Mönchengladbach,1,4,2,1,7.04,6.81,0.2300000000000004,63,34,29,12,True,True,False,1.3,2.0,7.4,9.8,5.6,4.6,6.0,6.0,6.0,6.0,2.0,1.6,5,14,0.7551020408163265,0.0,0.3571428571428571,1,2.0,0,0,1.0,2.0,5.0,0.4
Borussia Dortmund,Bayer Leverkusen,0,1,1,0,7.04,7.46,-0.4199999999999999,63,90,-27,13,True,True,False,1.3,0.7,7.4,6.6,5.6,7.1,6.0,,6.0,8.0,2.0,2.6,5,1,1.121212121212121,,0.3571428571428571,0,1.0,1,0,2.0,2.0,5.0,0.2
Borussia Dortmund,RB Leipzig,1,2,3,-1,7.04,7.08,-0.04,63,65,-2,14,True,True,False,1.3,1.1,7.4,7.1,5.6,6.6,6.0,5.0,6.0,7.0,2.0,2.3,5,4,1.0422535211267607,1.0,0.3571428571428571,0,1.0,0,1,1.0,3.0,5.0,0.2
Borussia Dortmund,Augsburg,0,1,1,0,7.04,,,63,39,24,15,True,True,False,1.3,,7.4,,5.6,,6.0,,6.0,,2.0,,5,11,,,0.3571428571428571,0,1.0,1,0,2.0,2.0,5.0,0.2
Borussia Dortmund,Mainz 05,1,1,1,0,7.04,6.85,0.1900000000000004,63,35,28,16,True,True,False,1.3,1.5,7.4,10.2,5.6,4.2,6.0,4.0,6.0,5.0,2.0,1.1,5,13,0.7254901960784315,2.0,0.3571428571428571,0,1.0,1,0,3.0,1.0,5.0,0.2
Borussia Dortmund,Darmstadt,0,3,0,1,7.04,,,63,17,46,17,True,True,False,1.3,,7.4,,5.6,,6.0,,6.0,,2.0,,5,18,,,0.3571428571428571,1,1.0,0,0,3.0,1.0,5.0,0.2
Borussia Dortmund,1. FC Köln,0,4,0,1,7.04,,,63,27,36,18,True,True,False,1.3,,7.4,,5.6,,6.0,,6.0,,2.0,,5,17,,,0.3571428571428571,1,2.0,0,0,2.0,1.0,5.0,0.4
Borussia Dortmund,Bochum,1,3,1,1,7.04,,,63,33,30,19,True,True,False,1.3,,7.4,,5.6,,6.0,,6.0,,2.0,,5,16,,,0.3571428571428571,1,3.0,0,0,2.0,0.0,5.0,0.6
Borussia Dortmund,FC Heidenheim,0,0,0,0,7.04,6.79,0.25,63,42,21,20,True,True,False,1.3,1.6,7.4,8.9,5.6,3.5,6.0,10.0,6.0,3.0,2.0,1.5,5,8,0.8314606741573034,-4.0,0.3571428571428571,0,3.0,1,0,2.0,0.0,5.0,0.6
Borussia Dortmund,Freiburg,1,3,0,1,7.04,,,63,42,21,21,True,True,False,1.3,,7.4,,5.6,,6.0,,6.0,,2.0,,5,10,,,0.3571428571428571,1,4.0,0,0,1.0,0.0,5.0,0.8
Borussia Dortmund,Wolfsburg,0,1,1,0,7.04,6.73,0.3099999999999996,63,37,26,22,True,True,False,1.3,1.6,7.4,7.9,5.6,4.4,6.0,3.0,6.0,3.0,2.0,1.2,5,12,0.9367088607594936,3.0,0.3571428571428571,0,3.0,1,0,2.0,0.0,5.0,0.6
Borussia Dortmund,Hoffenheim,1,2,3,-1,7.04,,,63,46,17,23,True,True,False,1.3,,7.4,,5.6,,6.0,,6.0,,2.0,,5,7,,,0.3571428571428571,0,2.0,0,1,2.0,1.0,5.0,0.4
Borussia Dortmund,Union Berlin,0,2,0,1,7.04,6.67,0.3700000000000001,63,33,30,24,True,True,False,1.3,1.7,7.4,9.0,5.6,4.0,6.0,7.0,6.0,6.0,2.0,1.0,5,15,0.8222222222222223,-1.0,0.3571428571428571,1,2.0,0,0,2.0,1.0,5.0,0.4
Borussia Dortmund,Werder Bremen,0,2,1,1,7.04,6.89,0.1500000000000003,63,42,21,25,True,True,False,1.3,1.6,7.4,8.4,5.6,3.9,6.0,6.0,6.0,6.0,2.0,1.4,5,9,0.8809523809523809,0.0,0.3571428571428571,1,3.0,0,0,1.0,1.0,5.0,0.6
Borussia Dortmund,Eintracht Frankfurt,1,3,1,1,7.04,6.87,0.1699999999999999,63,47,16,26,True,True,False,1.3,1.5,7.4,8.9,5.6,4.3,6.0,11.0,6.0,3.0,2.0,1.5,5,6,0.8314606741573034,-5.0,0.3571428571428571,1,3.0,0,0,1.0,1.0,5.0,0.6
Borussia Dortmund,Bayern München,0,2,0,1,7.04,7.22,-0.1799999999999997,63,72,-9,27,True,True,False,1.3,1.3,7.4,8.5,5.6,7.1,6.0,4.0,6.0,5.0,2.0,2.8,5,3,0.8705882352941177,2.0,0.3571428571428571,1,4.0,0,0,0.0,1.0,5.0,0.8
Borussia Dortmund,VfB Stuttgart,1,0,1,-1,7.04,7.16,-0.1200000000000001,63,73,-10,28,True,True,False,1.3,1.1,7.4,7.9,5.6,6.4,6.0,3.0,6.0,8.0,2.0,2.3,5,2,0.9367088607594936,3.0,0.3571428571428571,0,4.0,0,1,0.0,1.0,5.0,0.8
Borussia Dortmund,Borussia Mönchengladbach,0,2,1,1,7.04,6.81,0.2300000000000004,63,34,29,29,True,True,False,1.3,2.0,7.4,9.8,5.6,4.6,6.0,6.0,6.0,6.0,2.0,1.6,5,14,0.7551020408163265,0.0,0.3571428571428571,1,4.0,0,0,0.0,1.0,5.0,0.8
Borussia Dortmund,Bayer Leverkusen,1,1,1,0,7.04,7.46,-0.4199999999999999,63,90,-27,30,True,True,False,1.3,0.7,7.4,6.6,5.6,7.1,6.0,,6.0,8.0,2.0,2.6,5,1,1.121212121212121,,0.3571428571428571,0,3.0,1,0,1.0,1.0,5.0,0.6
Borussia Dortmund,RB Leipzig,0,1,4,-1,7.04,7.08,-0.04,63,65,-2,31,True,True,False,1.3,1.1,7.4,7.1,5.6,6.6,6.0,5.0,6.0,7.0,2.0,2.3,5,4,1.0422535211267607,1.0,0.3571428571428571,0,2.0,0,1,1.0,2.0,5.0,0.4
Borussia Dortmund,Augsburg,1,5,1,1,7.04,,,63,39,24,32,True,True,False,1.3,,7.4,,5.6,,6.0,,6.0,,2.0,,5,11,,,0.3571428571428571,1,2.0,0,0,1.0,2.0,5.0,0.4
Borussia Dortmund,Mainz 05,0,0,3,-1,7.04,6.85,0.1900000000000004,63,35,28,33,True,True,False,1.3,1.5,7.4,10.2,5.6,4.2,6.0,4.0,6.0,5.0,2.0,1.1,5,13,0.7254901960784315,2.0,0.3571428571428571,0,2.0,0,1,1.0,2.0,5.0,0.4
Borussia Dortmund,Darmstadt,1,4,0,1,7.04,,,63,17,46,34,True,True,False,1.3,,7.4,,5.6,,6.0,,6.0,,2.0,,5,18,,,0.3571428571428571,1,2.0,0,0,1.0,2.0,5.0,0.4
Borussia Mönchengladbach,Bochum,0,3,1,1,6.81,,,34,33,1,6,True,True,False,2.0,,9.8,,4.6,,6.0,,6.0,,1.6,,14,16,,,0.3478260869565218,1,1.0,0,0,0.0,0.0,1.0,1.0
Borussia Mönchengladbach,Mainz 05,1,2,2,0,6.81,6.85,-0.04,34,35,-1,7,True,True,False,2.0,1.5,9.8,10.2,4.6,4.2,6.0,4.0,6.0,5.0,1.6,1.1,14,13,0.9607843137254904,2.0,0.3478260869565218,0,1.0,1,0,1.0,0.0,2.0,0.5
Borussia Mönchengladbach,1. FC Köln,0,1,3,-1,6.81,,,34,27,7,8,True,True,False,2.0,,9.8,,4.6,,6.0,,6.0,,1.6,,14,17,,,0.3478260869565218,0,1.0,0,1,1.0,1.0,3.0,0.3333333333333333
Borussia Mönchengladbach,FC Heidenheim,1,2,1,1,6.81,6.79,0.0199999999999995,34,42,-8,9,True,True,False,2.0,1.6,9.8,8.9,4.6,3.5,6.0,10.0,6.0,3.0,1.6,1.5,14,8,1.101123595505618,-4.0,0.3478260869565218,1,2.0,0,0,1.0,1.0,4.0,0.5
Borussia Mönchengladbach,Freiburg,0,3,3,0,6.81,,,34,42,-8,10,True,True,False,2.0,,9.8,,4.6,,6.0,,6.0,,1.6,,14,10,,,0.3478260869565218,0,2.0,1,0,2.0,1.0,5.0,0.4
Borussia Mönchengladbach,Wolfsburg,1,4,0,1,6.81,6.73,0.0799999999999991,34,37,-3,11,True,True,False,2.0,1.6,9.8,7.9,4.6,4.4,6.0,3.0,6.0,3.0,1.6,1.2,14,12,1.240506329113924,3.0,0.3478260869565218,1,2.0,0,0,2.0,1.0,5.0,0.4
Borussia Mönchengladbach,Borussia Dortmund,0,2,4,-1,6.81,7.04,-0.2300000000000004,34,63,-29,12,True,True,False,2.0,1.3,9.8,7.4,4.6,5.6,6.0,6.0,6.0,6.0,1.6,2.0,14,5,1.3243243243243243,0.0,0.3478260869565218,0,2.0,0,1,1.0,2.0,5.0,0.4
Borussia Mönchengladbach,Hoffenheim,1,2,1,1,6.81,,,34,46,-12,13,True,True,False,2.0,,9.8,,4.6,,6.0,,6.0,,1.6,,14,7,,,0.3478260869565218,1,3.0,0,0,1.0,1.0,5.0,0.6
Borussia Mönchengladbach,Union Berlin,0,1,3,-1,6.81,6.67,0.1399999999999996,34,33,1,14,True,True,False,2.0,1.7,9.8,9.0,4.6,4.0,6.0,7.0,6.0,6.0,1.6,1.0,14,15,1.088888888888889,-1.0,0.3478260869565218,0,2.0,0,1,1.0,2.0,5.0,0.4
Borussia Mönchengladbach,Werder Bremen,1,2,2,0,6.81,6.89,-0.08,34,42,-8,15,True,True,False,2.0,1.6,9.8,8.4,4.6,3.9,6.0,6.0,6.0,6.0,1.6,1.4,14,9,1.1666666666666667,0.0,0.3478260869565218,0,2.0,1,0,1.0,2.0,5.0,0.4
Borussia Mönchengladbach,Eintracht Frankfurt,0,1,2,-1,6.81,6.87,-0.0600000000000005,34,47,-13,16,True,True,False,2.0,1.5,9.8,8.9,4.6,4.3,6.0,11.0,6.0,3.0,1.6,1.5,14,6,1.101123595505618,-5.0,0.3478260869565218,0,1.0,0,1,1.0,3.0,5.0,0.2
Borussia Mönchengladbach,VfB Stuttgart,1,3,1,1,6.81,7.16,-0.3500000000000005,34,73,-39,17,True,True,False,2.0,1.1,9.8,7.9,4.6,6.4,6.0,3.0,6.0,8.0,1.6,2.3,14,2,1.240506329113924,3.0,0.3478260869565218,1,2.0,0,0,1.0,2.0,5.0,0.4
Borussia Mönchengladbach,Augsburg,1,1,2,-1,6.81,,,34,39,-5,18,True,True,False,2.0,,9.8,,4.6,,6.0,,6.0,,1.6,,14,11,,,0.3478260869565218,0,1.0,0,1,1.0,3.0,5.0,0.2
Borussia Mönchengladbach,Bayer Leverkusen,0,0,0,0,6.81,7.46,-0.6500000000000004,34,90,-56,19,True,True,False,2.0,0.7,9.8,6.6,4.6,7.1,6.0,,6.0,8.0,1.6,2.6,14,1,1.484848484848485,,0.3478260869565218,0,1.0,1,0,2.0,2.0,5.0,0.2
Borussia Mönchengladbach,Bayern München,0,1,3,-1,6.81,7.22,-0.4100000000000001,34,72,-38,20,True,True,False,2.0,1.3,9.8,8.5,4.6,7.1,6.0,4.0,6.0,5.0,1.6,2.8,14,3,1.1529411764705884,2.0,0.3478260869565218,0,1.0,0,1,1.0,3.0,5.0,0.2
Borussia Mönchengladbach,Darmstadt,1,0,0,0,6.81,,,34,17,17,21,True,True,False,2.0,,9.8,,4.6,,6.0,,6.0,,1.6,,14,18,,,0.3478260869565218,0,1.0,1,0,2.0,2.0,5.0,0.2
Borussia Mönchengladbach,RB Leipzig,0,0,2,-1,6.81,7.08,-0.2700000000000004,34,65,-31,22,True,True,False,2.0,1.1,9.8,7.1,4.6,6.6,6.0,5.0,6.0,7.0,1.6,2.3,14,4,1.3802816901408452,1.0,0.3478260869565218,0,0.0,0,1,2.0,3.0,5.0,0.0
Borussia Mönchengladbach,Bochum,1,5,2,1,6.81,,,34,33,1,23,True,True,False,2.0,,9.8,,4.6,,6.0,,6.0,,1.6,,14,16,,,0.3478260869565218,1,1.0,0,0,2.0,2.0,5.0,0.2
Borussia Mönchengladbach,Mainz 05,0,1,1,0,6.81,6.85,-0.04,34,35,-1,24,True,True,False,2.0,1.5,9.8,10.2,4.6,4.2,6.0,4.0,6.0,5.0,1.6,1.1,14,13,0.9607843137254904,2.0,0.3478260869565218,0,1.0,1,0,2.0,2.0,5.0,0.2
Borussia Mönchengladbach,1. FC Köln,1,3,3,0,6.81,,,34,27,7,25,True,True,False,2.0,,9.8,,4.6,,6.0,,6.0,,1.6,,14,17,,,0.3478260869565218,0,1.0,1,0,3.0,1.0,5.0,0.2
Borussia Mönchengladbach,FC Heidenheim,0,1,1,0,6.81,6.79,0.0199999999999995,34,42,-8,26,True,True,False,2.0,1.6,9.8,8.9,4.6,3.5,6.0,10.0,6.0,3.0,1.6,1.5,14,8,1.101123595505618,-4.0,0.3478260869565218,0,1.0,1,0,3.0,1.0,5.0,0.2
Borussia Mönchengladbach,Freiburg,1,0,3,-1,6.81,,,34,42,-8,27,True,True,False,2.0,,9.8,,4.6,,6.0,,6.0,,1.6,,14,10,,,0.3478260869565218,0,1.0,0,1,3.0,1.0,5.0,0.2
Borussia Mönchengladbach,Wolfsburg,0,3,1,1,6.81,6.73,0.0799999999999991,34,37,-3,28,True,True,False,2.0,1.6,9.8,7.9,4.6,4.4,6.0,3.0,6.0,3.0,1.6,1.2,14,12,1.240506329113924,3.0,0.3478260869565218,1,1.0,0,0,3.0,1.0,5.0,0.2
Borussia Mönchengladbach,Borussia Dortmund,1,1,2,-1,6.81,7.04,-0.2300000000000004,34,63,-29,29,True,True,False,2.0,1.3,9.8,7.4,4.6,5.6,6.0,6.0,6.0,6.0,1.6,2.0,14,5,1.3243243243243243,0.0,0.3478260869565218,0,1.0,0,1,2.0,2.0,5.0,0.2
Borussia Mönchengladbach,Hoffenheim,0,3,4,-1,6.81,,,34,46,-12,30,True,True,False,2.0,,9.8,,4.6,,6.0,,6.0,,1.6,,14,7,,,0.3478260869565218,0,1.0,0,1,1.0,3.0,5.0,0.2
Borussia Mönchengladbach,Union Berlin,1,0,0,0,6.81,6.67,0.1399999999999996,34,33,1,31,True,True,False,2.0,1.7,9.8,9.0,4.6,4.0,6.0,7.0,6.0,6.0,1.6,1.0,14,15,1.088888888888889,-1.0,0.3478260869565218,0,1.0,1,0,1.0,3.0,5.0,0.2
Borussia Mönchengladbach,Werder Bremen,0,2,2,0,6.81,6.89,-0.08,34,42,-8,32,True,True,False,2.0,1.6,9.8,8.4,4.6,3.9,6.0,6.0,6.0,6.0,1.6,1.4,14,9,1.1666666666666667,0.0,0.3478260869565218,0,1.0,1,0,2.0,2.0,5.0,0.2
Borussia Mönchengladbach,Eintracht Frankfurt,1,1,1,0,6.81,6.87,-0.0600000000000005,34,47,-13,33,True,True,False,2.0,1.5,9.8,8.9,4.6,4.3,6.0,11.0,6.0,3.0,1.6,1.5,14,6,1.101123595505618,-5.0,0.3478260869565218,0,0.0,1,0,3.0,2.0,5.0,0.0
Borussia Mönchengladbach,VfB Stuttgart,0,0,4,-1,6.81,7.16,-0.3500000000000005,34,73,-39,34,True,True,False,2.0,1.1,9.8,7.9,4.6,6.4,6.0,3.0,6.0,8.0,1.6,2.3,14,2,1.240506329113924,3.0,0.3478260869565218,0,0.0,0,1,3.0,2.0,5.0,0.0
Darmstadt,Werder Bremen,1,4,2,1,,6.89,,17,42,-25,6,True,True,False,,1.6,,8.4,,3.9,,6.0,,6.0,,1.4,18,9,,,,1,1.0,0,0,0.0,0.0,1.0,1.0
Darmstadt,Augsburg,0,2,1,1,,,,17,39,-22,7,True,True,False,,,,,,,,,,,,,18,11,,,,1,2.0,0,0,0.0,0.0,2.0,1.0
Darmstadt,RB Leipzig,1,1,3,-1,,7.08,,17,65,-48,8,True,True,False,,1.1,,7.1,,6.6,,5.0,,7.0,,2.3,18,4,,,,0,2.0,0,1,0.0,1.0,3.0,0.6666666666666666
Darmstadt,Bayern München,0,0,8,-1,,7.22,,17,72,-55,9,True,True,False,,1.3,,8.5,,7.1,,4.0,,5.0,,2.8,18,3,,,,0,2.0,0,1,0.0,2.0,4.0,0.5
Darmstadt,Bochum,1,1,2,-1,,,,17,33,-16,10,True,True,False,,,,,,,,,,,,,18,16,,,,0,2.0,0,1,0.0,3.0,5.0,0.4
Darmstadt,Mainz 05,1,0,0,0,,6.85,,17,35,-18,11,True,True,False,,1.5,,10.2,,4.2,,4.0,,5.0,,1.1,18,13,,,,0,1.0,1,0,1.0,3.0,5.0,0.2
Darmstadt,Freiburg,0,1,1,0,,,,17,42,-25,12,True,True,False,,,,,,,,,,,,,18,10,,,,0,0.0,1,0,2.0,3.0,5.0,0.0
Darmstadt,1. FC Köln,1,0,1,-1,,,,17,27,-10,13,True,True,False,,,,,,,,,,,,,18,17,,,,0,0.0,0,1,2.0,3.0,5.0,0.0
Darmstadt,FC Heidenheim,0,2,3,-1,,6.79,,17,42,-25,14,True,True,False,,1.6,,8.9,,3.5,,10.0,,3.0,,1.5,18,8,,,,0,0.0,0,1,2.0,3.0,5.0,0.0
Darmstadt,Wolfsburg,1,0,1,-1,,6.73,,17,37,-20,15,True,True,False,,1.6,,7.9,,4.4,,3.0,,3.0,,1.2,18,12,,,,0,0.0,0,1,2.0,3.0,5.0,0.0
Darmstadt,Hoffenheim,0,3,3,0,,,,17,46,-29,16,True,True,False,,,,,,,,,,,,,18,7,,,,0,0.0,1,0,2.0,3.0,5.0,0.0
Darmstadt,Borussia Dortmund,1,0,3,-1,,7.04,,17,63,-46,17,True,True,False,,1.3,,7.4,,5.6,,6.0,,6.0,,2.0,18,5,,,,0,0.0,0,1,1.0,4.0,5.0,0.0
Darmstadt,Eintracht Frankfurt,1,2,2,0,,6.87,,17,47,-30,18,True,True,False,,1.5,,8.9,,4.3,,11.0,,3.0,,1.5,18,6,,,,0,0.0,1,0,2.0,3.0,5.0,0.0
Darmstadt,Union Berlin,0,0,1,-1,,6.67,,17,33,-16,19,True,True,False,,1.7,,9.0,,4.0,,7.0,,6.0,,1.0,18,15,,,,0,0.0,0,1,2.0,3.0,5.0,0.0
Darmstadt,Bayer Leverkusen,1,0,2,-1,,7.46,,17,90,-73,20,True,True,False,,0.7,,6.6,,7.1,,,,8.0,,2.6,18,1,,,,0,0.0,0,1,2.0,3.0,5.0,0.0
Darmstadt,Borussia Mönchengladbach,0,0,0,0,,6.81,,17,34,-17,21,True,True,False,,2.0,,9.8,,4.6,,6.0,,6.0,,1.6,18,14,,,,0,0.0,1,0,2.0,3.0,5.0,0.0
Darmstadt,VfB Stuttgart,1,1,2,-1,,7.16,,17,73,-56,22,True,True,False,,1.1,,7.9,,6.4,,3.0,,8.0,,2.3,18,2,,,,0,0.0,0,1,2.0,3.0,5.0,0.0
Darmstadt,Werder Bremen,0,1,1,0,,6.89,,17,42,-25,23,True,True,False,,1.6,,8.4,,3.9,,6.0,,6.0,,1.4,18,9,,,,0,0.0,1,0,2.0,3.0,5.0,0.0
Darmstadt,Augsburg,1,0,6,-1,,,,17,39,-22,24,True,True,False,,,,,,,,,,,,,18,11,,,,0,0.0,0,1,2.0,3.0,5.0,0.0
Darmstadt,RB Leipzig,0,0,2,-1,,7.08,,17,65,-48,25,True,True,False,,1.1,,7.1,,6.6,,5.0,,7.0,,2.3,18,4,,,,0,0.0,0,1,2.0,3.0,5.0,0.0
Darmstadt,Bayern München,1,2,5,-1,,7.22,,17,72,-55,26,True,True,False,,1.3,,8.5,,7.1,,4.0,,5.0,,2.8,18,3,,,,0,0.0,0,1,1.0,4.0,5.0,0.0
Darmstadt,Bochum,0,2,2,0,,,,17,33,-16,27,True,True,False,,,,,,,,,,,,,18,16,,,,0,0.0,1,0,2.0,3.0,5.0,0.0
Darmstadt,Mainz 05,0,0,4,-1,,6.85,,17,35,-18,28,True,True,False,,1.5,,10.2,,4.2,,4.0,,5.0,,1.1,18,13,,,,0,0.0,0,1,1.0,4.0,5.0,0.0
Darmstadt,Freiburg,1,0,1,-1,,,,17,42,-25,29,True,True,False,,,,,,,,,,,,,18,10,,,,0,0.0,0,1,1.0,4.0,5.0,0.0
Darmstadt,1. FC Köln,0,2,0,1,,,,17,27,-10,30,True,True,False,,,,,,,,,,,,,18,17,,,,1,1.0,0,0,1.0,3.0,5.0,0.2
Darmstadt,FC Heidenheim,1,0,1,-1,,6.79,,17,42,-25,31,True,True,False,,1.6,,8.9,,3.5,,10.0,,3.0,,1.5,18,8,,,,0,1.0,0,1,1.0,3.0,5.0,0.2
Darmstadt,Wolfsburg,0,0,3,-1,,6.73,,17,37,-20,32,True,True,False,,1.6,,7.9,,4.4,,3.0,,3.0,,1.2,18,12,,,,0,1.0,0,1,0.0,4.0,5.0,0.2
Darmstadt,Hoffenheim,1,0,6,-1,,,,17,46,-29,33,True,True,False,,,,,,,,,,,,,18,7,,,,0,1.0,0,1,0.0,4.0,5.0,0.2
Darmstadt,Borussia Dortmund,0,0,4,-1,,7.04,,17,63,-46,34,True,True,False,,1.3,,7.4,,5.6,,6.0,,6.0,,2.0,18,5,,,,0,1.0,0,1,0.0,4.0,5.0,0.2
Eintracht Frankfurt,Wolfsburg,0,0,2,-1,6.87,6.73,0.1399999999999996,47,37,10,6,True,True,False,1.5,1.6,8.9,7.9,4.3,4.4,11.0,3.0,3.0,3.0,1.5,1.2,6,12,1.1265822784810129,8.0,0.3488372093023256,0,0.0,0,1,0.0,1.0,1.0,0.0
Eintracht Frankfurt,FC Heidenheim,1,2,0,1,6.87,6.79,0.08,47,42,5,7,True,True,False,1.5,1.6,8.9,8.9,4.3,3.5,11.0,10.0,3.0,3.0,1.5,1.5,6,8,1.0,1.0,0.3488372093023256,1,1.0,0,0,0.0,1.0,2.0,0.5
Eintracht Frankfurt,Hoffenheim,0,3,1,1,6.87,,,47,46,1,8,True,True,False,1.5,,8.9,,4.3,,11.0,,3.0,,1.5,,6,7,,,0.3488372093023256,1,2.0,0,0,0.0,1.0,3.0,0.6666666666666666
Eintracht Frankfurt,Borussia Dortmund,1,3,3,0,6.87,7.04,-0.1699999999999999,47,63,-16,9,True,True,False,1.5,1.3,8.9,7.4,4.3,5.6,11.0,6.0,3.0,6.0,1.5,2.0,6,5,1.2027027027027026,5.0,0.3488372093023256,0,2.0,1,0,1.0,1.0,4.0,0.5
Eintracht Frankfurt,Union Berlin,0,3,0,1,6.87,6.67,0.2000000000000001,47,33,14,10,True,True,False,1.5,1.7,8.9,9.0,4.3,4.0,11.0,7.0,3.0,6.0,1.5,1.0,6,15,0.9888888888888888,4.0,0.3488372093023256,1,3.0,0,0,1.0,1.0,5.0,0.6
Eintracht Frankfurt,Werder Bremen,0,2,2,0,6.87,6.89,-0.0199999999999995,47,42,5,11,True,True,False,1.5,1.6,8.9,8.4,4.3,3.9,11.0,6.0,3.0,6.0,1.5,1.4,6,9,1.0595238095238095,5.0,0.3488372093023256,0,3.0,1,0,2.0,0.0,5.0,0.6
Eintracht Frankfurt,VfB Stuttgart,1,1,2,-1,6.87,7.16,-0.29,47,73,-26,12,True,True,False,1.5,1.1,8.9,7.9,4.3,6.4,11.0,3.0,3.0,8.0,1.5,2.3,6,2,1.1265822784810129,8.0,0.3488372093023256,0,2.0,0,1,2.0,1.0,5.0,0.4
Eintracht Frankfurt,Augsburg,0,1,2,-1,6.87,,,47,39,8,13,True,True,False,1.5,,8.9,,4.3,,11.0,,3.0,,1.5,,6,11,,,0.3488372093023256,0,1.0,0,1,2.0,2.0,5.0,0.2
Eintracht Frankfurt,Bayern München,1,5,1,1,6.87,7.22,-0.3499999999999996,47,72,-25,14,True,True,False,1.5,1.3,8.9,8.5,4.3,7.1,11.0,4.0,3.0,5.0,1.5,2.8,6,3,1.0470588235294118,7.0,0.3488372093023256,1,2.0,0,0,1.0,2.0,5.0,0.4
Eintracht Frankfurt,Bayer Leverkusen,0,0,3,-1,6.87,7.46,-0.5899999999999999,47,90,-43,15,True,True,False,1.5,0.7,8.9,6.6,4.3,7.1,11.0,,3.0,8.0,1.5,2.6,6,1,1.3484848484848486,,0.3488372093023256,0,1.0,0,1,1.0,3.0,5.0,0.2
Eintracht Frankfurt,Borussia Mönchengladbach,1,2,1,1,6.87,6.81,0.0600000000000005,47,34,13,16,True,True,False,1.5,2.0,8.9,9.8,4.3,4.6,11.0,6.0,3.0,6.0,1.5,1.6,6,14,0.9081632653061223,5.0,0.3488372093023256,1,2.0,0,0,0.0,3.0,5.0,0.4
Eintracht Frankfurt,RB Leipzig,0,1,0,1,6.87,7.08,-0.2099999999999999,47,65,-18,17,True,True,False,1.5,1.1,8.9,7.1,4.3,6.6,11.0,5.0,3.0,7.0,1.5,2.3,6,4,1.2535211267605637,6.0,0.3488372093023256,1,3.0,0,0,0.0,2.0,5.0,0.6
Eintracht Frankfurt,Darmstadt,0,2,2,0,6.87,,,47,17,30,18,True,True,False,1.5,,8.9,,4.3,,11.0,,3.0,,1.5,,6,18,,,0.3488372093023256,0,3.0,1,0,1.0,1.0,5.0,0.6
Eintracht Frankfurt,Mainz 05,1,1,0,1,6.87,6.85,0.0200000000000004,47,35,12,19,True,True,False,1.5,1.5,8.9,10.2,4.3,4.2,11.0,4.0,3.0,5.0,1.5,1.1,6,13,0.8725490196078433,7.0,0.3488372093023256,1,3.0,0,0,1.0,1.0,5.0,0.6
Eintracht Frankfurt,1. FC Köln,0,0,2,-1,6.87,,,47,27,20,20,True,True,False,1.5,,8.9,,4.3,,11.0,,3.0,,1.5,,6,17,,,0.3488372093023256,0,3.0,0,1,1.0,1.0,5.0,0.6
Eintracht Frankfurt,Bochum,1,1,1,0,6.87,,,47,33,14,21,True,True,False,1.5,,8.9,,4.3,,11.0,,3.0,,1.5,,6,16,,,0.3488372093023256,0,2.0,1,0,2.0,1.0,5.0,0.4
Eintracht Frankfurt,Freiburg,0,3,3,0,6.87,,,47,42,5,22,True,True,False,1.5,,8.9,,4.3,,11.0,,3.0,,1.5,,6,10,,,0.3488372093023256,0,1.0,1,0,3.0,1.0,5.0,0.2
Eintracht Frankfurt,Wolfsburg,1,2,2,0,6.87,6.73,0.1399999999999996,47,37,10,23,True,True,False,1.5,1.6,8.9,7.9,4.3,4.4,11.0,3.0,3.0,3.0,1.5,1.2,6,12,1.1265822784810129,8.0,0.3488372093023256,0,1.0,1,0,3.0,1.0,5.0,0.2
Eintracht Frankfurt,FC Heidenheim,0,2,1,1,6.87,6.79,0.08,47,42,5,24,True,True,False,1.5,1.6,8.9,8.9,4.3,3.5,11.0,10.0,3.0,3.0,1.5,1.5,6,8,1.0,1.0,0.3488372093023256,1,1.0,0,0,3.0,1.0,5.0,0.2
Eintracht Frankfurt,Hoffenheim,1,3,1,1,6.87,,,47,46,1,25,True,True,False,1.5,,8.9,,4.3,,11.0,,3.0,,1.5,,6,7,,,0.3488372093023256,1,2.0,0,0,3.0,0.0,5.0,0.4
Eintracht Frankfurt,Borussia Dortmund,0,1,3,-1,6.87,7.04,-0.1699999999999999,47,63,-16,26,True,True,False,1.5,1.3,8.9,7.4,4.3,5.6,11.0,6.0,3.0,6.0,1.5,2.0,6,5,1.2027027027027026,5.0,0.3488372093023256,0,2.0,0,1,2.0,1.0,5.0,0.4
Eintracht Frankfurt,Union Berlin,1,0,0,0,6.87,6.67,0.2000000000000001,47,33,14,27,True,True,False,1.5,1.7,8.9,9.0,4.3,4.0,11.0,7.0,3.0,6.0,1.5,1.0,6,15,0.9888888888888888,4.0,0.3488372093023256,0,2.0,1,0,2.0,1.0,5.0,0.4
Eintracht Frankfurt,Werder Bremen,1,1,1,0,6.87,6.89,-0.0199999999999995,47,42,5,28,True,True,False,1.5,1.6,8.9,8.4,4.3,3.9,11.0,6.0,3.0,6.0,1.5,1.4,6,9,1.0595238095238095,5.0,0.3488372093023256,0,2.0,1,0,2.0,1.0,5.0,0.4
Eintracht Frankfurt,VfB Stuttgart,0,0,3,-1,6.87,7.16,-0.29,47,73,-26,29,True,True,False,1.5,1.1,8.9,7.9,4.3,6.4,11.0,3.0,3.0,8.0,1.5,2.3,6,2,1.1265822784810129,8.0,0.3488372093023256,0,1.0,0,1,2.0,2.0,5.0,0.2
Eintracht Frankfurt,Augsburg,1,3,1,1,6.87,,,47,39,8,30,True,True,False,1.5,,8.9,,4.3,,11.0,,3.0,,1.5,,6,11,,,0.3488372093023256,1,1.0,0,0,2.0,2.0,5.0,0.2
Eintracht Frankfurt,Bayern München,0,1,2,-1,6.87,7.22,-0.3499999999999996,47,72,-25,31,True,True,False,1.5,1.3,8.9,8.5,4.3,7.1,11.0,4.0,3.0,5.0,1.5,2.8,6,3,1.0470588235294118,7.0,0.3488372093023256,0,1.0,0,1,2.0,2.0,5.0,0.2
Eintracht Frankfurt,Bayer Leverkusen,1,1,5,-1,6.87,7.46,-0.5899999999999999,47,90,-43,32,True,True,False,1.5,0.7,8.9,6.6,4.3,7.1,11.0,,3.0,8.0,1.5,2.6,6,1,1.3484848484848486,,0.3488372093023256,0,1.0,0,1,1.0,3.0,5.0,0.2
Eintracht Frankfurt,Borussia Mönchengladbach,0,1,1,0,6.87,6.81,0.0600000000000005,47,34,13,33,True,True,False,1.5,2.0,8.9,9.8,4.3,4.6,11.0,6.0,3.0,6.0,1.5,1.6,6,14,0.9081632653061223,5.0,0.3488372093023256,0,1.0,1,0,1.0,3.0,5.0,0.2
Eintracht Frankfurt,RB Leipzig,1,2,2,0,6.87,7.08,-0.2099999999999999,47,65,-18,34,True,True,False,1.5,1.1,8.9,7.1,4.3,6.6,11.0,5.0,3.0,7.0,1.5,2.3,6,4,1.2535211267605637,6.0,0.3488372093023256,0,1.0,1,0,2.0,2.0,5.0,0.2
FC Heidenheim,Union Berlin,1,1,0,1,6.79,6.67,0.1200000000000001,42,33,9,6,True,True,False,1.6,1.7,8.9,9.0,3.5,4.0,10.0,7.0,3.0,6.0,1.5,1.0,8,15,0.9888888888888888,3.0,0.4285714285714285,1,1.0,0,0,0.0,0.0,1.0,1.0
FC Heidenheim,Eintracht Frankfurt,0,0,2,-1,6.79,6.87,-0.08,42,47,-5,7,True,True,False,1.6,1.5,8.9,8.9,3.5,4.3,10.0,11.0,3.0,3.0,1.5,1.5,8,6,1.0,-1.0,0.4285714285714285,0,1.0,0,1,0.0,1.0,2.0,0.5
FC Heidenheim,Augsburg,1,2,5,-1,6.79,,,42,39,3,8,True,True,False,1.6,,8.9,,3.5,,10.0,,3.0,,1.5,,8,11,,,0.4285714285714285,0,1.0,0,1,0.0,2.0,3.0,0.3333333333333333
FC Heidenheim,Borussia Mönchengladbach,0,1,2,-1,6.79,6.81,-0.0199999999999995,42,34,8,9,True,True,False,1.6,2.0,8.9,9.8,3.5,4.6,10.0,6.0,3.0,6.0,1.5,1.6,8,14,0.9081632653061223,4.0,0.4285714285714285,0,1.0,0,1,0.0,3.0,4.0,0.25
FC Heidenheim,VfB Stuttgart,1,2,0,1,6.79,7.16,-0.3700000000000001,42,73,-31,10,True,True,False,1.6,1.1,8.9,7.9,3.5,6.4,10.0,3.0,3.0,8.0,1.5,2.3,8,2,1.1265822784810129,7.0,0.4285714285714285,1,2.0,0,0,0.0,3.0,5.0,0.4
FC Heidenheim,Bayern München,0,2,4,-1,6.79,7.22,-0.4299999999999997,42,72,-30,11,True,True,False,1.6,1.3,8.9,8.5,3.5,7.1,10.0,4.0,3.0,5.0,1.5,2.8,8,3,1.0470588235294118,6.0,0.4285714285714285,0,1.0,0,1,0.0,4.0,5.0,0.2
FC Heidenheim,Bochum,1,0,0,0,6.79,,,42,33,9,12,True,True,False,1.6,,8.9,,3.5,,10.0,,3.0,,1.5,,8,16,,,0.4285714285714285,0,1.0,1,0,1.0,3.0,5.0,0.2
FC Heidenheim,RB Leipzig,0,1,2,-1,6.79,7.08,-0.29,42,65,-23,13,True,True,False,1.6,1.1,8.9,7.1,3.5,6.6,10.0,5.0,3.0,7.0,1.5,2.3,8,4,1.2535211267605637,5.0,0.4285714285714285,0,1.0,0,1,1.0,3.0,5.0,0.2
FC Heidenheim,Darmstadt,1,3,2,1,6.79,,,42,17,25,14,True,True,False,1.6,,8.9,,3.5,,10.0,,3.0,,1.5,,8,18,,,0.4285714285714285,1,2.0,0,0,1.0,2.0,5.0,0.4
FC Heidenheim,Mainz 05,0,1,0,1,6.79,6.85,-0.0599999999999996,42,35,7,15,True,True,False,1.6,1.5,8.9,10.2,3.5,4.2,10.0,4.0,3.0,5.0,1.5,1.1,8,13,0.8725490196078433,6.0,0.4285714285714285,1,2.0,0,0,1.0,2.0,5.0,0.4
FC Heidenheim,Freiburg,1,3,2,1,6.79,,,42,42,0,16,True,True,False,1.6,,8.9,,3.5,,10.0,,3.0,,1.5,,8,10,,,0.4285714285714285,1,3.0,0,0,1.0,1.0,5.0,0.6
FC Heidenheim,1. FC Köln,0,1,1,0,6.79,,,42,27,15,17,True,True,False,1.6,,8.9,,3.5,,10.0,,3.0,,1.5,,8,17,,,0.4285714285714285,0,3.0,1,0,1.0,1.0,5.0,0.6
FC Heidenheim,Wolfsburg,1,1,1,0,6.79,6.73,0.0599999999999996,42,37,5,18,True,True,False,1.6,1.6,8.9,7.9,3.5,4.4,10.0,3.0,3.0,3.0,1.5,1.2,8,12,1.1265822784810129,7.0,0.4285714285714285,0,3.0,1,0,2.0,0.0,5.0,0.6
FC Heidenheim,Hoffenheim,0,1,1,0,6.79,,,42,46,-4,19,True,True,False,1.6,,8.9,,3.5,,10.0,,3.0,,1.5,,8,7,,,0.4285714285714285,0,2.0,1,0,3.0,0.0,5.0,0.4
FC Heidenheim,Borussia Dortmund,1,0,0,0,6.79,7.04,-0.25,42,63,-21,20,True,True,False,1.6,1.3,8.9,7.4,3.5,5.6,10.0,6.0,3.0,6.0,1.5,2.0,8,5,1.2027027027027026,4.0,0.4285714285714285,0,1.0,1,0,4.0,0.0,5.0,0.2
FC Heidenheim,Werder Bremen,0,2,1,1,6.79,6.89,-0.0999999999999996,42,42,0,21,True,True,False,1.6,1.6,8.9,8.4,3.5,3.9,10.0,6.0,3.0,6.0,1.5,1.4,8,9,1.0595238095238095,4.0,0.4285714285714285,1,1.0,0,0,4.0,0.0,5.0,0.2
FC Heidenheim,Bayer Leverkusen,1,1,2,-1,6.79,7.46,-0.6699999999999999,42,90,-48,22,True,True,False,1.6,0.7,8.9,6.6,3.5,7.1,10.0,,3.0,8.0,1.5,2.6,8,1,1.3484848484848486,,0.4285714285714285,0,1.0,0,1,3.0,1.0,5.0,0.2
FC Heidenheim,Union Berlin,0,2,2,0,6.79,6.67,0.1200000000000001,42,33,9,23,True,True,False,1.6,1.7,8.9,9.0,3.5,4.0,10.0,7.0,3.0,6.0,1.5,1.0,8,15,0.9888888888888888,3.0,0.4285714285714285,0,1.0,1,0,3.0,1.0,5.0,0.2
FC Heidenheim,Eintracht Frankfurt,1,1,2,-1,6.79,6.87,-0.08,42,47,-5,24,True,True,False,1.6,1.5,8.9,8.9,3.5,4.3,10.0,11.0,3.0,3.0,1.5,1.5,8,6,1.0,-1.0,0.4285714285714285,0,1.0,0,1,2.0,2.0,5.0,0.2
FC Heidenheim,Augsburg,0,0,1,-1,6.79,,,42,39,3,25,True,True,False,1.6,,8.9,,3.5,,10.0,,3.0,,1.5,,8,11,,,0.4285714285714285,0,1.0,0,1,1.0,3.0,5.0,0.2
FC Heidenheim,Borussia Mönchengladbach,1,1,1,0,6.79,6.81,-0.0199999999999995,42,34,8,26,True,True,False,1.6,2.0,8.9,9.8,3.5,4.6,10.0,6.0,3.0,6.0,1.5,1.6,8,14,0.9081632653061223,4.0,0.4285714285714285,0,0.0,1,0,2.0,3.0,5.0,0.0
FC Heidenheim,VfB Stuttgart,0,3,3,0,6.79,7.16,-0.3700000000000001,42,73,-31,27,True,True,False,1.6,1.1,8.9,7.9,3.5,6.4,10.0,3.0,3.0,8.0,1.5,2.3,8,2,1.1265822784810129,7.0,0.4285714285714285,0,0.0,1,0,3.0,2.0,5.0,0.0
FC Heidenheim,Bayern München,1,3,2,1,6.79,7.22,-0.4299999999999997,42,72,-30,28,True,True,False,1.6,1.3,8.9,8.5,3.5,7.1,10.0,4.0,3.0,5.0,1.5,2.8,8,3,1.0470588235294118,6.0,0.4285714285714285,1,1.0,0,0,2.0,2.0,5.0,0.2
FC Heidenheim,Bochum,0,1,1,0,6.79,,,42,33,9,29,True,True,False,1.6,,8.9,,3.5,,10.0,,3.0,,1.5,,8,16,,,0.4285714285714285,0,1.0,1,0,3.0,1.0,5.0,0.2
FC Heidenheim,RB Leipzig,1,1,2,-1,6.79,7.08,-0.29,42,65,-23,30,True,True,False,1.6,1.1,8.9,7.1,3.5,6.6,10.0,5.0,3.0,7.0,1.5,2.3,8,4,1.2535211267605637,5.0,0.4285714285714285,0,1.0,0,1,3.0,1.0,5.0,0.2
FC Heidenheim,Darmstadt,0,1,0,1,6.79,,,42,17,25,31,True,True,False,1.6,,8.9,,3.5,,10.0,,3.0,,1.5,,8,18,,,0.4285714285714285,1,2.0,0,0,2.0,1.0,5.0,0.4
FC Heidenheim,Mainz 05,1,1,1,0,6.79,6.85,-0.0599999999999996,42,35,7,32,True,True,False,1.6,1.5,8.9,10.2,3.5,4.2,10.0,4.0,3.0,5.0,1.5,1.1,8,13,0.8725490196078433,6.0,0.4285714285714285,0,2.0,1,0,2.0,1.0,5.0,0.4
FC Heidenheim,Freiburg,0,1,1,0,6.79,,,42,42,0,33,True,True,False,1.6,,8.9,,3.5,,10.0,,3.0,,1.5,,8,10,,,0.4285714285714285,0,1.0,1,0,3.0,1.0,5.0,0.2
FC Heidenheim,1. FC Köln,1,4,1,1,6.79,,,42,27,15,34,True,True,False,1.6,,8.9,,3.5,,10.0,,3.0,,1.5,,8,17,,,0.4285714285714285,1,2.0,0,0,2.0,1.0,5.0,0.4
Freiburg,Augsburg,1,2,0,1,,,,42,39,3,6,True,True,False,,,,,,,,,,,,,10,11,,,,1,1.0,0,0,0.0,0.0,1.0,1.0
Freiburg,Bayern München,0,0,3,-1,,7.22,,42,72,-30,7,True,True,False,,1.3,,8.5,,7.1,,4.0,,5.0,,2.8,10,3,,,,0,1.0,0,1,0.0,1.0,2.0,0.5
Freiburg,Bochum,1,2,1,1,,,,42,33,9,8,True,True,False,,,,,,,,,,,,,10,16,,,,1,2.0,0,0,0.0,1.0,3.0,0.6666666666666666
Freiburg,Bayer Leverkusen,0,1,2,-1,,7.46,,42,90,-48,9,True,True,False,,0.7,,6.6,,7.1,,,,8.0,,2.6,10,1,,,,0,2.0,0,1,0.0,2.0,4.0,0.5
Freiburg,Borussia Mönchengladbach,1,3,3,0,,6.81,,42,34,8,10,True,True,False,,2.0,,9.8,,4.6,,6.0,,6.0,,1.6,10,14,,,,0,2.0,1,0,1.0,2.0,5.0,0.4
Freiburg,RB Leipzig,0,1,3,-1,,7.08,,42,65,-23,11,True,True,False,,1.1,,7.1,,6.6,,5.0,,7.0,,2.3,10,4,,,,0,1.0,0,1,1.0,3.0,5.0,0.2
Freiburg,Darmstadt,1,1,1,0,,,,42,17,25,12,True,True,False,,,,,,,,,,,,,10,18,,,,0,1.0,1,0,2.0,2.0,5.0,0.2
Freiburg,Mainz 05,0,1,0,1,,6.85,,42,35,7,13,True,True,False,,1.5,,10.2,,4.2,,4.0,,5.0,,1.1,10,13,,,,1,1.0,0,0,2.0,2.0,5.0,0.2
Freiburg,Wolfsburg,0,1,0,1,,6.73,,42,37,5,14,True,True,False,,1.6,,7.9,,4.4,,3.0,,3.0,,1.2,10,12,,,,1,2.0,0,0,2.0,1.0,5.0,0.4
Freiburg,1. FC Köln,1,2,0,1,,,,42,27,15,15,True,True,False,,,,,,,,,,,,,10,17,,,,1,3.0,0,0,1.0,1.0,5.0,0.6
Freiburg,FC Heidenheim,0,2,3,-1,,6.79,,42,42,0,16,True,True,False,,1.6,,8.9,,3.5,,10.0,,3.0,,1.5,10,8,,,,0,3.0,0,1,1.0,1.0,5.0,0.6
Freiburg,Union Berlin,1,0,0,0,,6.67,,42,33,9,17,True,True,False,,1.7,,9.0,,4.0,,7.0,,6.0,,1.0,10,15,,,,0,3.0,1,0,1.0,1.0,5.0,0.6
Freiburg,Hoffenheim,1,3,2,1,,,,42,46,-4,18,True,True,False,,,,,,,,,,,,,10,7,,,,1,3.0,0,0,1.0,1.0,5.0,0.6
Freiburg,Werder Bremen,0,1,3,-1,,6.89,,42,42,0,19,True,True,False,,1.6,,8.4,,3.9,,6.0,,6.0,,1.4,10,9,,,,0,2.0,0,1,1.0,2.0,5.0,0.4
Freiburg,VfB Stuttgart,1,1,3,-1,,7.16,,42,73,-31,20,True,True,False,,1.1,,7.9,,6.4,,3.0,,8.0,,2.3,10,2,,,,0,1.0,0,1,1.0,3.0,5.0,0.2
Freiburg,Borussia Dortmund,0,0,3,-1,,7.04,,42,63,-21,21,True,True,False,,1.3,,7.4,,5.6,,6.0,,6.0,,2.0,10,5,,,,0,1.0,0,1,1.0,3.0,5.0,0.2
Freiburg,Eintracht Frankfurt,1,3,3,0,,6.87,,42,47,-5,22,True,True,False,,1.5,,8.9,,4.3,,11.0,,3.0,,1.5,10,6,,,,0,1.0,1,0,1.0,3.0,5.0,0.2
Freiburg,Augsburg,0,1,2,-1,,,,42,39,3,23,True,True,False,,,,,,,,,,,,,10,11,,,,0,0.0,0,1,1.0,4.0,5.0,0.0
Freiburg,Bayern München,1,2,2,0,,7.22,,42,72,-30,24,True,True,False,,1.3,,8.5,,7.1,,4.0,,5.0,,2.8,10,3,,,,0,0.0,1,0,2.0,3.0,5.0,0.0
Freiburg,Bochum,0,2,1,1,,,,42,33,9,25,True,True,False,,,,,,,,,,,,,10,16,,,,1,1.0,0,0,2.0,2.0,5.0,0.2
Freiburg,Bayer Leverkusen,1,2,3,-1,,7.46,,42,90,-48,26,True,True,False,,0.7,,6.6,,7.1,,,,8.0,,2.6,10,1,,,,0,1.0,0,1,2.0,2.0,5.0,0.2
Freiburg,Borussia Mönchengladbach,0,3,0,1,,6.81,,42,34,8,27,True,True,False,,2.0,,9.8,,4.6,,6.0,,6.0,,1.6,10,14,,,,1,2.0,0,0,1.0,2.0,5.0,0.4
Freiburg,RB Leipzig,1,1,4,-1,,7.08,,42,65,-23,28,True,True,False,,1.1,,7.1,,6.6,,5.0,,7.0,,2.3,10,4,,,,0,2.0,0,1,1.0,2.0,5.0,0.4
Freiburg,Darmstadt,0,1,0,1,,,,42,17,25,29,True,True,False,,,,,,,,,,,,,10,18,,,,1,3.0,0,0,0.0,2.0,5.0,0.6
Freiburg,Mainz 05,1,1,1,0,,6.85,,42,35,7,30,True,True,False,,1.5,,10.2,,4.2,,4.0,,5.0,,1.1,10,13,,,,0,2.0,1,0,1.0,2.0,5.0,0.4
Freiburg,Wolfsburg,1,1,2,-1,,6.73,,42,37,5,31,True,True,False,,1.6,,7.9,,4.4,,3.0,,3.0,,1.2,10,12,,,,0,2.0,0,1,1.0,2.0,5.0,0.4
Freiburg,1. FC Köln,0,0,0,0,,,,42,27,15,32,True,True,False,,,,,,,,,,,,,10,17,,,,0,1.0,1,0,2.0,2.0,5.0,0.2
Freiburg,FC Heidenheim,1,1,1,0,,6.79,,42,42,0,33,True,True,False,,1.6,,8.9,,3.5,,10.0,,3.0,,1.5,10,8,,,,0,1.0,1,0,3.0,1.0,5.0,0.2
Freiburg,Union Berlin,0,1,2,-1,,6.67,,42,33,9,34,True,True,False,,1.7,,9.0,,4.0,,7.0,,6.0,,1.0,10,15,,,,0,0.0,0,1,3.0,2.0,5.0,0.0
Hoffenheim,Borussia Dortmund,1,1,3,-1,,7.04,,46,63,-17,6,True,True,False,,1.3,,7.4,,5.6,,6.0,,6.0,,2.0,7,5,,,,0,0.0,0,1,0.0,1.0,1.0,0.0
Hoffenheim,Werder Bremen,0,3,2,1,,6.89,,46,42,4,7,True,True,False,,1.6,,8.4,,3.9,,6.0,,6.0,,1.4,7,9,,,,1,1.0,0,0,0.0,1.0,2.0,0.5
Hoffenheim,Eintracht Frankfurt,1,1,3,-1,,6.87,,46,47,-1,8,True,True,False,,1.5,,8.9,,4.3,,11.0,,3.0,,1.5,7,6,,,,0,1.0,0,1,0.0,2.0,3.0,0.3333333333333333
Hoffenheim,VfB Stuttgart,0,3,2,1,,7.16,,46,73,-27,9,True,True,False,,1.1,,7.9,,6.4,,3.0,,8.0,,2.3,7,2,,,,1,2.0,0,0,0.0,2.0,4.0,0.5
Hoffenheim,Bayer Leverkusen,1,2,3,-1,,7.46,,46,90,-44,10,True,True,False,,0.7,,6.6,,7.1,,,,8.0,,2.6,7,1,,,,0,2.0,0,1,0.0,3.0,5.0,0.4
Hoffenheim,Augsburg,0,1,1,0,,,,46,39,7,11,True,True,False,,,,,,,,,,,,,7,11,,,,0,2.0,1,0,1.0,2.0,5.0,0.4
Hoffenheim,Mainz 05,1,1,1,0,,6.85,,46,35,11,12,True,True,False,,1.5,,10.2,,4.2,,4.0,,5.0,,1.1,7,13,,,,0,1.0,1,0,2.0,2.0,5.0,0.2
Hoffenheim,Borussia Mönchengladbach,0,1,2,-1,,6.81,,46,34,12,13,True,True,False,,2.0,,9.8,,4.6,,6.0,,6.0,,1.6,7,14,,,,0,1.0,0,1,2.0,2.0,5.0,0.2
Hoffenheim,Bochum,1,3,1,1,,,,46,33,13,14,True,True,False,,,,,,,,,,,,,7,16,,,,1,1.0,0,0,2.0,2.0,5.0,0.2
Hoffenheim,RB Leipzig,0,1,3,-1,,7.08,,46,65,-19,15,True,True,False,,1.1,,7.1,,6.6,,5.0,,7.0,,2.3,7,4,,,,0,1.0,0,1,2.0,2.0,5.0,0.2
Hoffenheim,Darmstadt,1,3,3,0,,,,46,17,29,16,True,True,False,,,,,,,,,,,,,7,18,,,,0,1.0,1,0,2.0,2.0,5.0,0.2
Hoffenheim,Bayern München,0,0,3,-1,,7.22,,46,72,-26,17,True,True,False,,1.3,,8.5,,7.1,,4.0,,5.0,,2.8,7,3,,,,0,1.0,0,1,1.0,3.0,5.0,0.2
Hoffenheim,Freiburg,0,2,3,-1,,,,46,42,4,18,True,True,False,,,,,,,,,,,,,7,10,,,,0,1.0,0,1,1.0,3.0,5.0,0.2
Hoffenheim,FC Heidenheim,1,1,1,0,,6.79,,46,42,4,19,True,True,False,,1.6,,8.9,,3.5,,10.0,,3.0,,1.5,7,8,,,,0,0.0,1,0,2.0,3.0,5.0,0.0
Hoffenheim,Wolfsburg,0,2,2,0,,6.73,,46,37,9,20,True,True,False,,1.6,,7.9,,4.4,,3.0,,3.0,,1.2,7,12,,,,0,0.0,1,0,3.0,2.0,5.0,0.0
Hoffenheim,1. FC Köln,1,1,1,0,,,,46,27,19,21,True,True,False,,,,,,,,,,,,,7,17,,,,0,0.0,1,0,3.0,2.0,5.0,0.0
Hoffenheim,Union Berlin,1,0,1,-1,,6.67,,46,33,13,22,True,True,False,,1.7,,9.0,,4.0,,7.0,,6.0,,1.0,7,15,,,,0,0.0,0,1,3.0,2.0,5.0,0.0
Hoffenheim,Borussia Dortmund,0,3,2,1,,7.04,,46,63,-17,23,True,True,False,,1.3,,7.4,,5.6,,6.0,,6.0,,2.0,7,5,,,,1,1.0,0,0,3.0,1.0,5.0,0.2
Hoffenheim,Werder Bremen,1,2,1,1,,6.89,,46,42,4,24,True,True,False,,1.6,,8.4,,3.9,,6.0,,6.0,,1.4,7,9,,,,1,2.0,0,0,2.0,1.0,5.0,0.4
Hoffenheim,Eintracht Frankfurt,0,1,3,-1,,6.87,,46,47,-1,25,True,True,False,,1.5,,8.9,,4.3,,11.0,,3.0,,1.5,7,6,,,,0,2.0,0,1,1.0,2.0,5.0,0.4
Hoffenheim,VfB Stuttgart,1,0,3,-1,,7.16,,46,73,-27,26,True,True,False,,1.1,,7.9,,6.4,,3.0,,8.0,,2.3,7,2,,,,0,2.0,0,1,0.0,3.0,5.0,0.4
Hoffenheim,Bayer Leverkusen,0,1,2,-1,,7.46,,46,90,-44,27,True,True,False,,0.7,,6.6,,7.1,,,,8.0,,2.6,7,1,,,,0,2.0,0,1,0.0,3.0,5.0,0.4
Hoffenheim,Augsburg,1,3,1,1,,,,46,39,7,28,True,True,False,,,,,,,,,,,,,7,11,,,,1,2.0,0,0,0.0,3.0,5.0,0.4
Hoffenheim,Mainz 05,0,1,4,-1,,6.85,,46,35,11,29,True,True,False,,1.5,,10.2,,4.2,,4.0,,5.0,,1.1,7,13,,,,0,1.0,0,1,0.0,4.0,5.0,0.2
Hoffenheim,Borussia Mönchengladbach,1,4,3,1,,6.81,,46,34,12,30,True,True,False,,2.0,,9.8,,4.6,,6.0,,6.0,,1.6,7,14,,,,1,2.0,0,0,0.0,3.0,5.0,0.4
Hoffenheim,Bochum,0,2,3,-1,,,,46,33,13,31,True,True,False,,,,,,,,,,,,,7,16,,,,0,2.0,0,1,0.0,3.0,5.0,0.4
Hoffenheim,RB Leipzig,1,1,1,0,,7.08,,46,65,-19,32,True,True,False,,1.1,,7.1,,6.6,,5.0,,7.0,,2.3,7,4,,,,0,2.0,1,0,1.0,2.0,5.0,0.4
Hoffenheim,Darmstadt,0,6,0,1,,,,46,17,29,33,True,True,False,,,,,,,,,,,,,7,18,,,,1,2.0,0,0,1.0,2.0,5.0,0.4
Hoffenheim,Bayern München,1,4,2,1,,7.22,,46,72,-26,34,True,True,False,,1.3,,8.5,,7.1,,4.0,,5.0,,2.8,7,3,,,,1,3.0,0,0,1.0,1.0,5.0,0.6
Mainz 05,Bayer Leverkusen,1,0,3,-1,6.85,7.46,-0.6100000000000003,35,90,-55,6,True,True,False,1.5,0.7,10.2,6.6,4.2,7.1,4.0,,5.0,8.0,1.1,2.6,13,1,1.5454545454545454,,0.2619047619047619,0,0.0,0,1,0.0,1.0,1.0,0.0
Mainz 05,Borussia Mönchengladbach,0,2,2,0,6.85,6.81,0.04,35,34,1,7,True,True,False,1.5,2.0,10.2,9.8,4.2,4.6,4.0,6.0,5.0,6.0,1.1,1.6,13,14,1.040816326530612,-2.0,0.2619047619047619,0,0.0,1,0,1.0,1.0,2.0,0.0
Mainz 05,Bayern München,1,1,3,-1,6.85,7.22,-0.3700000000000001,35,72,-37,8,True,True,False,1.5,1.3,10.2,8.5,4.2,7.1,4.0,4.0,5.0,5.0,1.1,2.8,13,3,1.2,0.0,0.2619047619047619,0,0.0,0,1,1.0,2.0,3.0,0.0
Mainz 05,Bochum,0,2,2,0,6.85,,,35,33,2,9,True,True,False,1.5,,10.2,,4.2,,4.0,,5.0,,1.1,,13,16,,,0.2619047619047619,0,0.0,1,0,2.0,2.0,4.0,0.0
Mainz 05,RB Leipzig,1,2,0,1,6.85,7.08,-0.2300000000000004,35,65,-30,10,True,True,False,1.5,1.1,10.2,7.1,4.2,6.6,4.0,5.0,5.0,7.0,1.1,2.3,13,4,1.436619718309859,-1.0,0.2619047619047619,1,1.0,0,0,2.0,2.0,5.0,0.2
Mainz 05,Darmstadt,0,0,0,0,6.85,,,35,17,18,11,True,True,False,1.5,,10.2,,4.2,,4.0,,5.0,,1.1,,13,18,,,0.2619047619047619,0,1.0,1,0,3.0,1.0,5.0,0.2
Mainz 05,Hoffenheim,0,1,1,0,6.85,,,35,46,-11,12,True,True,False,1.5,,10.2,,4.2,,4.0,,5.0,,1.1,,13,7,,,0.2619047619047619,0,1.0,1,0,3.0,1.0,5.0,0.2
Mainz 05,Freiburg,1,0,1,-1,6.85,,,35,42,-7,13,True,True,False,1.5,,10.2,,4.2,,4.0,,5.0,,1.1,,13,10,,,0.2619047619047619,0,1.0,0,1,3.0,1.0,5.0,0.2
Mainz 05,1. FC Köln,0,0,0,0,6.85,,,35,27,8,14,True,True,False,1.5,,10.2,,4.2,,4.0,,5.0,,1.1,,13,17,,,0.2619047619047619,0,1.0,1,0,3.0,1.0,5.0,0.2
Mainz 05,FC Heidenheim,1,0,1,-1,6.85,6.79,0.0599999999999996,35,42,-7,15,True,True,False,1.5,1.6,10.2,8.9,4.2,3.5,4.0,10.0,5.0,3.0,1.1,1.5,13,8,1.146067415730337,-6.0,0.2619047619047619,0,0.0,0,1,3.0,2.0,5.0,0.0
Mainz 05,Borussia Dortmund,0,1,1,0,6.85,7.04,-0.1900000000000004,35,63,-28,16,True,True,False,1.5,1.3,10.2,7.4,4.2,5.6,4.0,6.0,5.0,6.0,1.1,2.0,13,5,1.3783783783783785,-2.0,0.2619047619047619,0,0.0,1,0,3.0,2.0,5.0,0.0
Mainz 05,Wolfsburg,1,1,1,0,6.85,6.73,0.1199999999999992,35,37,-2,17,True,True,False,1.5,1.6,10.2,7.9,4.2,4.4,4.0,3.0,5.0,3.0,1.1,1.2,13,12,1.291139240506329,1.0,0.2619047619047619,0,0.0,1,0,3.0,2.0,5.0,0.0
Mainz 05,Union Berlin,1,1,1,0,6.85,6.67,0.1799999999999997,35,33,2,18,True,True,False,1.5,1.7,10.2,9.0,4.2,4.0,4.0,7.0,5.0,6.0,1.1,1.0,13,15,1.1333333333333333,-3.0,0.2619047619047619,0,0.0,1,0,4.0,1.0,5.0,0.0
Mainz 05,Eintracht Frankfurt,0,0,1,-1,6.85,6.87,-0.0200000000000004,35,47,-12,19,True,True,False,1.5,1.5,10.2,8.9,4.2,4.3,4.0,11.0,5.0,3.0,1.1,1.5,13,6,1.146067415730337,-7.0,0.2619047619047619,0,0.0,0,1,3.0,2.0,5.0,0.0
Mainz 05,Werder Bremen,1,0,1,-1,6.85,6.89,-0.04,35,42,-7,20,True,True,False,1.5,1.6,10.2,8.4,4.2,3.9,4.0,6.0,5.0,6.0,1.1,1.4,13,9,1.2142857142857142,-2.0,0.2619047619047619,0,0.0,0,1,3.0,2.0,5.0,0.0
Mainz 05,VfB Stuttgart,0,1,3,-1,6.85,7.16,-0.3100000000000005,35,73,-38,21,True,True,False,1.5,1.1,10.2,7.9,4.2,6.4,4.0,3.0,5.0,8.0,1.1,2.3,13,2,1.291139240506329,1.0,0.2619047619047619,0,0.0,0,1,2.0,3.0,5.0,0.0
Mainz 05,Augsburg,1,1,0,1,6.85,,,35,39,-4,22,True,True,False,1.5,,10.2,,4.2,,4.0,,5.0,,1.1,,13,11,,,0.2619047619047619,1,1.0,0,0,1.0,3.0,5.0,0.2
Mainz 05,Bayer Leverkusen,0,1,2,-1,6.85,7.46,-0.6100000000000003,35,90,-55,23,True,True,False,1.5,0.7,10.2,6.6,4.2,7.1,4.0,,5.0,8.0,1.1,2.6,13,1,1.5454545454545454,,0.2619047619047619,0,1.0,0,1,0.0,4.0,5.0,0.2
Mainz 05,Borussia Mönchengladbach,1,1,1,0,6.85,6.81,0.04,35,34,1,24,True,True,False,1.5,2.0,10.2,9.8,4.2,4.6,4.0,6.0,5.0,6.0,1.1,1.6,13,14,1.040816326530612,-2.0,0.2619047619047619,0,1.0,1,0,1.0,3.0,5.0,0.2
Mainz 05,Bayern München,0,1,8,-1,6.85,7.22,-0.3700000000000001,35,72,-37,25,True,True,False,1.5,1.3,10.2,8.5,4.2,7.1,4.0,4.0,5.0,5.0,1.1,2.8,13,3,1.2,0.0,0.2619047619047619,0,1.0,0,1,1.0,3.0,5.0,0.2
Mainz 05,Bochum,1,2,0,1,6.85,,,35,33,2,26,True,True,False,1.5,,10.2,,4.2,,4.0,,5.0,,1.1,,13,16,,,0.2619047619047619,1,2.0,0,0,1.0,2.0,5.0,0.4
Mainz 05,RB Leipzig,0,0,0,0,6.85,7.08,-0.2300000000000004,35,65,-30,27,True,True,False,1.5,1.1,10.2,7.1,4.2,6.6,4.0,5.0,5.0,7.0,1.1,2.3,13,4,1.436619718309859,-1.0,0.2619047619047619,0,1.0,1,0,2.0,2.0,5.0,0.2
Mainz 05,Darmstadt,1,4,0,1,6.85,,,35,17,18,28,True,True,False,1.5,,10.2,,4.2,,4.0,,5.0,,1.1,,13,18,,,0.2619047619047619,1,2.0,0,0,2.0,1.0,5.0,0.4
Mainz 05,Hoffenheim,1,4,1,1,6.85,,,35,46,-11,29,True,True,False,1.5,,10.2,,4.2,,4.0,,5.0,,1.1,,13,7,,,0.2619047619047619,1,3.0,0,0,1.0,1.0,5.0,0.6
Mainz 05,Freiburg,0,1,1,0,6.85,,,35,42,-7,30,True,True,False,1.5,,10.2,,4.2,,4.0,,5.0,,1.1,,13,10,,,0.2619047619047619,0,3.0,1,0,2.0,0.0,5.0,0.6
Mainz 05,1. FC Köln,1,1,1,0,6.85,,,35,27,8,31,True,True,False,1.5,,10.2,,4.2,,4.0,,5.0,,1.1,,13,17,,,0.2619047619047619,0,2.0,1,0,3.0,0.0,5.0,0.4
Mainz 05,FC Heidenheim,0,1,1,0,6.85,6.79,0.0599999999999996,35,42,-7,32,True,True,False,1.5,1.6,10.2,8.9,4.2,3.5,4.0,10.0,5.0,3.0,1.1,1.5,13,8,1.146067415730337,-6.0,0.2619047619047619,0,2.0,1,0,3.0,0.0,5.0,0.4
Mainz 05,Borussia Dortmund,1,3,0,1,6.85,7.04,-0.1900000000000004,35,63,-28,33,True,True,False,1.5,1.3,10.2,7.4,4.2,5.6,4.0,6.0,5.0,6.0,1.1,2.0,13,5,1.3783783783783785,-2.0,0.2619047619047619,1,2.0,0,0,3.0,0.0,5.0,0.4
Mainz 05,Wolfsburg,0,3,1,1,6.85,6.73,0.1199999999999992,35,37,-2,34,True,True,False,1.5,1.6,10.2,7.9,4.2,4.4,4.0,3.0,5.0,3.0,1.1,1.2,13,12,1.291139240506329,1.0,0.2619047619047619,1,2.0,0,0,3.0,0.0,5.0,0.4
RB Leipzig,Bayern München,1,2,2,0,7.08,7.22,-0.1399999999999996,65,72,-7,6,True,True,False,1.1,1.3,7.1,8.5,6.6,7.1,5.0,4.0,7.0,5.0,2.3,2.8,4,3,0.8352941176470587,1.0,0.3484848484848484,0,0.0,1,0,1.0,0.0,1.0,0.0
RB Leipzig,Bochum,1,0,0,0,7.08,,,65,33,32,7,True,True,False,1.1,,7.1,,6.6,,5.0,,7.0,,2.3,,4,16,,,0.3484848484848484,0,0.0,1,0,2.0,0.0,2.0,0.0
RB Leipzig,Darmstadt,0,3,1,1,7.08,,,65,17,48,8,True,True,False,1.1,,7.1,,6.6,,5.0,,7.0,,2.3,,4,18,,,0.3484848484848484,1,1.0,0,0,2.0,0.0,3.0,0.3333333333333333
RB Leipzig,1. FC Köln,1,6,0,1,7.08,,,65,27,38,9,True,True,False,1.1,,7.1,,6.6,,5.0,,7.0,,2.3,,4,17,,,0.3484848484848484,1,2.0,0,0,2.0,0.0,4.0,0.5
RB Leipzig,Mainz 05,0,0,2,-1,7.08,6.85,0.2300000000000004,65,35,30,10,True,True,False,1.1,1.5,7.1,10.2,6.6,4.2,5.0,4.0,7.0,5.0,2.3,1.1,4,13,0.696078431372549,1.0,0.3484848484848484,0,2.0,0,1,2.0,1.0,5.0,0.4
RB Leipzig,Freiburg,1,3,1,1,7.08,,,65,42,23,11,True,True,False,1.1,,7.1,,6.6,,5.0,,7.0,,2.3,,4,10,,,0.3484848484848484,1,3.0,0,0,1.0,1.0,5.0,0.6
RB Leipzig,Wolfsburg,0,1,2,-1,7.08,6.73,0.3499999999999996,65,37,28,12,True,True,False,1.1,1.6,7.1,7.9,6.6,4.4,5.0,3.0,7.0,3.0,2.3,1.2,4,12,0.8987341772151898,2.0,0.3484848484848484,0,3.0,0,1,0.0,2.0,5.0,0.6
RB Leipzig,FC Heidenheim,1,2,1,1,7.08,6.79,0.29,65,42,23,13,True,True,False,1.1,1.6,7.1,8.9,6.6,3.5,5.0,10.0,7.0,3.0,2.3,1.5,4,8,0.797752808988764,-5.0,0.3484848484848484,1,3.0,0,0,0.0,2.0,5.0,0.6
RB Leipzig,Borussia Dortmund,0,3,2,1,7.08,7.04,0.04,65,63,2,14,True,True,False,1.1,1.3,7.1,7.4,6.6,5.6,5.0,6.0,7.0,6.0,2.3,2.0,4,5,0.9594594594594592,-1.0,0.3484848484848484,1,3.0,0,0,0.0,2.0,5.0,0.6
RB Leipzig,Hoffenheim,1,3,1,1,7.08,,,65,46,19,15,True,True,False,1.1,,7.1,,6.6,,5.0,,7.0,,2.3,,4,7,,,0.3484848484848484,1,4.0,0,0,0.0,1.0,5.0,0.8
RB Leipzig,Werder Bremen,0,1,1,0,7.08,6.89,0.1900000000000004,65,42,23,16,True,True,False,1.1,1.6,7.1,8.4,6.6,3.9,5.0,6.0,7.0,6.0,2.3,1.4,4,9,0.8452380952380951,-1.0,0.3484848484848484,0,3.0,1,0,1.0,1.0,5.0,0.6
RB Leipzig,Eintracht Frankfurt,1,0,1,-1,7.08,6.87,0.2099999999999999,65,47,18,17,True,True,False,1.1,1.5,7.1,8.9,6.6,4.3,5.0,11.0,7.0,3.0,2.3,1.5,4,6,0.797752808988764,-6.0,0.3484848484848484,0,3.0,0,1,1.0,1.0,5.0,0.6
RB Leipzig,Bayer Leverkusen,1,2,3,-1,7.08,7.46,-0.3799999999999999,65,90,-25,18,True,True,False,1.1,0.7,7.1,6.6,6.6,7.1,5.0,,7.0,8.0,2.3,2.6,4,1,1.0757575757575757,,0.3484848484848484,0,2.0,0,1,1.0,2.0,5.0,0.4
RB Leipzig,VfB Stuttgart,0,2,5,-1,7.08,7.16,-0.08,65,73,-8,19,True,True,False,1.1,1.1,7.1,7.9,6.6,6.4,5.0,3.0,7.0,8.0,2.3,2.3,4,2,0.8987341772151898,2.0,0.3484848484848484,0,1.0,0,1,1.0,3.0,5.0,0.2
RB Leipzig,Union Berlin,1,2,0,1,7.08,6.67,0.4100000000000001,65,33,32,20,True,True,False,1.1,1.7,7.1,9.0,6.6,4.0,5.0,7.0,7.0,6.0,2.3,1.0,4,15,0.7888888888888889,-2.0,0.3484848484848484,1,1.0,0,0,1.0,3.0,5.0,0.2
RB Leipzig,Augsburg,0,2,2,0,7.08,,,65,39,26,21,True,True,False,1.1,,7.1,,6.6,,5.0,,7.0,,2.3,,4,11,,,0.3484848484848484,0,1.0,1,0,1.0,3.0,5.0,0.2
RB Leipzig,Borussia Mönchengladbach,1,2,0,1,7.08,6.81,0.2700000000000004,65,34,31,22,True,True,False,1.1,2.0,7.1,9.8,6.6,4.6,5.0,6.0,7.0,6.0,2.3,1.6,4,14,0.7244897959183673,-1.0,0.3484848484848484,1,2.0,0,0,1.0,2.0,5.0,0.4
RB Leipzig,Bayern München,0,1,2,-1,7.08,7.22,-0.1399999999999996,65,72,-7,23,True,True,False,1.1,1.3,7.1,8.5,6.6,7.1,5.0,4.0,7.0,5.0,2.3,2.8,4,3,0.8352941176470587,1.0,0.3484848484848484,0,2.0,0,1,1.0,2.0,5.0,0.4
RB Leipzig,Bochum,0,4,1,1,7.08,,,65,33,32,24,True,True,False,1.1,,7.1,,6.6,,5.0,,7.0,,2.3,,4,16,,,0.3484848484848484,1,3.0,0,0,1.0,1.0,5.0,0.6
RB Leipzig,Darmstadt,1,2,0,1,7.08,,,65,17,48,25,True,True,False,1.1,,7.1,,6.6,,5.0,,7.0,,2.3,,4,18,,,0.3484848484848484,1,3.0,0,0,1.0,1.0,5.0,0.6
RB Leipzig,1. FC Köln,0,5,1,1,7.08,,,65,27,38,26,True,True,False,1.1,,7.1,,6.6,,5.0,,7.0,,2.3,,4,17,,,0.3484848484848484,1,4.0,0,0,0.0,1.0,5.0,0.8
RB Leipzig,Mainz 05,1,0,0,0,7.08,6.85,0.2300000000000004,65,35,30,27,True,True,False,1.1,1.5,7.1,10.2,6.6,4.2,5.0,4.0,7.0,5.0,2.3,1.1,4,13,0.696078431372549,1.0,0.3484848484848484,0,3.0,1,0,1.0,1.0,5.0,0.6
RB Leipzig,Freiburg,0,4,1,1,7.08,,,65,42,23,28,True,True,False,1.1,,7.1,,6.6,,5.0,,7.0,,2.3,,4,10,,,0.3484848484848484,1,4.0,0,0,1.0,0.0,5.0,0.8
RB Leipzig,Wolfsburg,1,3,0,1,7.08,6.73,0.3499999999999996,65,37,28,29,True,True,False,1.1,1.6,7.1,7.9,6.6,4.4,5.0,3.0,7.0,3.0,2.3,1.2,4,12,0.8987341772151898,2.0,0.3484848484848484,1,4.0,0,0,1.0,0.0,5.0,0.8
RB Leipzig,FC Heidenheim,0,2,1,1,7.08,6.79,0.29,65,42,23,30,True,True,False,1.1,1.6,7.1,8.9,6.6,3.5,5.0,10.0,7.0,3.0,2.3,1.5,4,8,0.797752808988764,-5.0,0.3484848484848484,1,4.0,0,0,1.0,0.0,5.0,0.8
RB Leipzig,Borussia Dortmund,1,4,1,1,7.08,7.04,0.04,65,63,2,31,True,True,False,1.1,1.3,7.1,7.4,6.6,5.6,5.0,6.0,7.0,6.0,2.3,2.0,4,5,0.9594594594594592,-1.0,0.3484848484848484,1,4.0,0,0,1.0,0.0,5.0,0.8
RB Leipzig,Hoffenheim,0,1,1,0,7.08,,,65,46,19,32,True,True,False,1.1,,7.1,,6.6,,5.0,,7.0,,2.3,,4,7,,,0.3484848484848484,0,4.0,1,0,1.0,0.0,5.0,0.8
RB Leipzig,Werder Bremen,1,1,1,0,7.08,6.89,0.1900000000000004,65,42,23,33,True,True,False,1.1,1.6,7.1,8.4,6.6,3.9,5.0,6.0,7.0,6.0,2.3,1.4,4,9,0.8452380952380951,-1.0,0.3484848484848484,0,3.0,1,0,2.0,0.0,5.0,0.6
RB Leipzig,Eintracht Frankfurt,0,2,2,0,7.08,6.87,0.2099999999999999,65,47,18,34,True,True,False,1.1,1.5,7.1,8.9,6.6,4.3,5.0,11.0,7.0,3.0,2.3,1.5,4,6,0.797752808988764,-6.0,0.3484848484848484,0,2.0,1,0,3.0,0.0,5.0,0.4
Union Berlin,FC Heidenheim,0,0,1,-1,6.67,6.79,-0.1200000000000001,33,42,-9,6,True,True,False,1.7,1.6,9.0,8.9,4.0,3.5,7.0,10.0,6.0,3.0,1.0,1.5,15,8,1.0112359550561798,-3.0,0.25,0,0.0,0,1,0.0,1.0,1.0,0.0
Union Berlin,Borussia Dortmund,0,2,4,-1,6.67,7.04,-0.3700000000000001,33,63,-30,7,True,True,False,1.7,1.3,9.0,7.4,4.0,5.6,7.0,6.0,6.0,6.0,1.0,2.0,15,5,1.2162162162162162,1.0,0.25,0,0.0,0,1,0.0,2.0,2.0,0.0
Union Berlin,VfB Stuttgart,1,0,3,-1,6.67,7.16,-0.4900000000000002,33,73,-40,8,True,True,False,1.7,1.1,9.0,7.9,4.0,6.4,7.0,3.0,6.0,8.0,1.0,2.3,15,2,1.1392405063291138,4.0,0.25,0,0.0,0,1,0.0,3.0,3.0,0.0
Union Berlin,Werder Bremen,0,0,2,-1,6.67,6.89,-0.2199999999999997,33,42,-9,9,True,True,False,1.7,1.6,9.0,8.4,4.0,3.9,7.0,6.0,6.0,6.0,1.0,1.4,15,9,1.0714285714285714,1.0,0.25,0,0.0,0,1,0.0,4.0,4.0,0.0
Union Berlin,Eintracht Frankfurt,1,0,3,-1,6.67,6.87,-0.2000000000000001,33,47,-14,10,True,True,False,1.7,1.5,9.0,8.9,4.0,4.3,7.0,11.0,6.0,3.0,1.0,1.5,15,6,1.0112359550561798,-4.0,0.25,0,0.0,0,1,0.0,5.0,5.0,0.0
Union Berlin,Bayer Leverkusen,0,0,4,-1,6.67,7.46,-0.79,33,90,-57,11,True,True,False,1.7,0.7,9.0,6.6,4.0,7.1,7.0,,6.0,8.0,1.0,2.6,15,1,1.3636363636363638,,0.25,0,0.0,0,1,0.0,5.0,5.0,0.0
Union Berlin,Augsburg,1,1,1,0,6.67,,,33,39,-6,12,True,True,False,1.7,,9.0,,4.0,,7.0,,6.0,,1.0,,15,11,,,0.25,0,0.0,1,0,1.0,4.0,5.0,0.0
Union Berlin,Bayern München,0,0,1,-1,6.67,7.22,-0.5499999999999998,33,72,-39,13,True,True,False,1.7,1.3,9.0,8.5,4.0,7.1,7.0,4.0,6.0,5.0,1.0,2.8,15,3,1.0588235294117647,3.0,0.25,0,0.0,0,1,1.0,4.0,5.0,0.0
Union Berlin,Borussia Mönchengladbach,1,3,1,1,6.67,6.81,-0.1399999999999996,33,34,-1,14,True,True,False,1.7,2.0,9.0,9.8,4.0,4.6,7.0,6.0,6.0,6.0,1.0,1.6,15,14,0.9183673469387754,1.0,0.25,1,1.0,0,0,1.0,3.0,5.0,0.2
Union Berlin,Bochum,0,0,3,-1,6.67,,,33,33,0,15,True,True,False,1.7,,9.0,,4.0,,7.0,,6.0,,1.0,,15,16,,,0.25,0,1.0,0,1,1.0,3.0,5.0,0.2
Union Berlin,1. FC Köln,1,2,0,1,6.67,,,33,27,6,16,True,True,False,1.7,,9.0,,4.0,,7.0,,6.0,,1.0,,15,17,,,0.25,1,2.0,0,0,1.0,2.0,5.0,0.4
Union Berlin,Freiburg,0,0,0,0,6.67,,,33,42,-9,17,True,True,False,1.7,,9.0,,4.0,,7.0,,6.0,,1.0,,15,10,,,0.25,0,2.0,1,0,1.0,2.0,5.0,0.4
Union Berlin,Mainz 05,0,1,1,0,6.67,6.85,-0.1799999999999997,33,35,-2,18,True,True,False,1.7,1.5,9.0,10.2,4.0,4.2,7.0,4.0,6.0,5.0,1.0,1.1,15,13,0.8823529411764707,3.0,0.25,0,2.0,1,0,2.0,1.0,5.0,0.4
Union Berlin,Darmstadt,1,1,0,1,6.67,,,33,17,16,19,True,True,False,1.7,,9.0,,4.0,,7.0,,6.0,,1.0,,15,18,,,0.25,1,2.0,0,0,2.0,1.0,5.0,0.4
Union Berlin,RB Leipzig,0,0,2,-1,6.67,7.08,-0.4100000000000001,33,65,-32,20,True,True,False,1.7,1.1,9.0,7.1,4.0,6.6,7.0,5.0,6.0,7.0,1.0,2.3,15,4,1.267605633802817,2.0,0.25,0,2.0,0,1,2.0,1.0,5.0,0.4
Union Berlin,Wolfsburg,1,1,0,1,6.67,6.73,-0.0600000000000005,33,37,-4,21,True,True,False,1.7,1.6,9.0,7.9,4.0,4.4,7.0,3.0,6.0,3.0,1.0,1.2,15,12,1.1392405063291138,4.0,0.25,1,2.0,0,0,2.0,1.0,5.0,0.4
Union Berlin,Hoffenheim,0,1,0,1,6.67,,,33,46,-13,22,True,True,False,1.7,,9.0,,4.0,,7.0,,6.0,,1.0,,15,7,,,0.25,1,3.0,0,0,1.0,1.0,5.0,0.6
Union Berlin,FC Heidenheim,1,2,2,0,6.67,6.79,-0.1200000000000001,33,42,-9,23,True,True,False,1.7,1.6,9.0,8.9,4.0,3.5,7.0,10.0,6.0,3.0,1.0,1.5,15,8,1.0112359550561798,-3.0,0.25,0,3.0,1,0,1.0,1.0,5.0,0.6
Union Berlin,Borussia Dortmund,1,0,2,-1,6.67,7.04,-0.3700000000000001,33,63,-30,24,True,True,False,1.7,1.3,9.0,7.4,4.0,5.6,7.0,6.0,6.0,6.0,1.0,2.0,15,5,1.2162162162162162,1.0,0.25,0,2.0,0,1,1.0,2.0,5.0,0.4
Union Berlin,VfB Stuttgart,0,0,2,-1,6.67,7.16,-0.4900000000000002,33,73,-40,25,True,True,False,1.7,1.1,9.0,7.9,4.0,6.4,7.0,3.0,6.0,8.0,1.0,2.3,15,2,1.1392405063291138,4.0,0.25,0,2.0,0,1,1.0,2.0,5.0,0.4
Union Berlin,Werder Bremen,1,2,1,1,6.67,6.89,-0.2199999999999997,33,42,-9,26,True,True,False,1.7,1.6,9.0,8.4,4.0,3.9,7.0,6.0,6.0,6.0,1.0,1.4,15,9,1.0714285714285714,1.0,0.25,1,2.0,0,0,1.0,2.0,5.0,0.4
Union Berlin,Eintracht Frankfurt,0,0,0,0,6.67,6.87,-0.2000000000000001,33,47,-14,27,True,True,False,1.7,1.5,9.0,8.9,4.0,4.3,7.0,11.0,6.0,3.0,1.0,1.5,15,6,1.0112359550561798,-4.0,0.25,0,1.0,1,0,2.0,2.0,5.0,0.2
Union Berlin,Bayer Leverkusen,1,0,1,-1,6.67,7.46,-0.79,33,90,-57,28,True,True,False,1.7,0.7,9.0,6.6,4.0,7.1,7.0,,6.0,8.0,1.0,2.6,15,1,1.3636363636363638,,0.25,0,1.0,0,1,1.0,3.0,5.0,0.2
Union Berlin,Augsburg,0,0,2,-1,6.67,,,33,39,-6,29,True,True,False,1.7,,9.0,,4.0,,7.0,,6.0,,1.0,,15,11,,,0.25,0,1.0,0,1,1.0,3.0,5.0,0.2
Union Berlin,Bayern München,1,1,5,-1,6.67,7.22,-0.5499999999999998,33,72,-39,30,True,True,False,1.7,1.3,9.0,8.5,4.0,7.1,7.0,4.0,6.0,5.0,1.0,2.8,15,3,1.0588235294117647,3.0,0.25,0,1.0,0,1,1.0,3.0,5.0,0.2
Union Berlin,Borussia Mönchengladbach,0,0,0,0,6.67,6.81,-0.1399999999999996,33,34,-1,31,True,True,False,1.7,2.0,9.0,9.8,4.0,4.6,7.0,6.0,6.0,6.0,1.0,1.6,15,14,0.9183673469387754,1.0,0.25,0,0.0,1,0,2.0,3.0,5.0,0.0
Union Berlin,Bochum,1,3,4,-1,6.67,,,33,33,0,32,True,True,False,1.7,,9.0,,4.0,,7.0,,6.0,,1.0,,15,16,,,0.25,0,0.0,0,1,1.0,4.0,5.0,0.0
Union Berlin,1. FC Köln,0,2,3,-1,6.67,,,33,27,6,33,True,True,False,1.7,,9.0,,4.0,,7.0,,6.0,,1.0,,15,17,,,0.25,0,0.0,0,1,1.0,4.0,5.0,0.0
Union Berlin,Freiburg,1,2,1,1,6.67,,,33,42,-9,34,True,True,False,1.7,,9.0,,4.0,,7.0,,6.0,,1.0,,15,10,,,0.25,1,1.0,0,0,1.0,3.0,5.0,0.2
VfB Stuttgart,1. FC Köln,0,2,0,1,7.16,,,73,27,46,6,True,True,False,1.1,,7.9,,6.4,,3.0,,8.0,,2.3,,2,17,,,0.3593749999999999,1,1.0,0,0,0.0,0.0,1.0,1.0
VfB Stuttgart,Wolfsburg,1,3,1,1,7.16,6.73,0.4299999999999997,73,37,36,7,True,True,False,1.1,1.6,7.9,7.9,6.4,4.4,3.0,3.0,8.0,3.0,2.3,1.2,2,12,1.0,0.0,0.3593749999999999,1,2.0,0,0,0.0,0.0,2.0,1.0
VfB Stuttgart,Union Berlin,0,3,0,1,7.16,6.67,0.4900000000000002,73,33,40,8,True,True,False,1.1,1.7,7.9,9.0,6.4,4.0,3.0,7.0,8.0,6.0,2.3,1.0,2,15,0.8777777777777778,-4.0,0.3593749999999999,1,3.0,0,0,0.0,0.0,3.0,1.0
VfB Stuttgart,Hoffenheim,1,2,3,-1,7.16,,,73,46,27,9,True,True,False,1.1,,7.9,,6.4,,3.0,,8.0,,2.3,,2,7,,,0.3593749999999999,0,3.0,0,1,0.0,1.0,4.0,0.75
VfB Stuttgart,FC Heidenheim,0,0,2,-1,7.16,6.79,0.3700000000000001,73,42,31,10,True,True,False,1.1,1.6,7.9,8.9,6.4,3.5,3.0,10.0,8.0,3.0,2.3,1.5,2,8,0.8876404494382023,-7.0,0.3593749999999999,0,3.0,0,1,0.0,2.0,5.0,0.6
VfB Stuttgart,Borussia Dortmund,1,2,1,1,7.16,7.04,0.1200000000000001,73,63,10,11,True,True,False,1.1,1.3,7.9,7.4,6.4,5.6,3.0,6.0,8.0,6.0,2.3,2.0,2,5,1.0675675675675675,-3.0,0.3593749999999999,1,3.0,0,0,0.0,2.0,5.0,0.6
VfB Stuttgart,Eintracht Frankfurt,0,2,1,1,7.16,6.87,0.29,73,47,26,12,True,True,False,1.1,1.5,7.9,8.9,6.4,4.3,3.0,11.0,8.0,3.0,2.3,1.5,2,6,0.8876404494382023,-8.0,0.3593749999999999,1,3.0,0,0,0.0,2.0,5.0,0.6
VfB Stuttgart,Werder Bremen,1,2,0,1,7.16,6.89,0.2700000000000004,73,42,31,13,True,True,False,1.1,1.6,7.9,8.4,6.4,3.9,3.0,6.0,8.0,6.0,2.3,1.4,2,9,0.9404761904761904,-3.0,0.3593749999999999,1,3.0,0,0,0.0,2.0,5.0,0.6
VfB Stuttgart,Bayer Leverkusen,1,1,1,0,7.16,7.46,-0.2999999999999998,73,90,-17,14,True,True,False,1.1,0.7,7.9,6.6,6.4,7.1,3.0,,8.0,8.0,2.3,2.6,2,1,1.196969696969697,,0.3593749999999999,0,3.0,1,0,1.0,1.0,5.0,0.6
VfB Stuttgart,Bayern München,0,0,3,-1,7.16,7.22,-0.0599999999999996,73,72,1,15,True,True,False,1.1,1.3,7.9,8.5,6.4,7.1,3.0,4.0,8.0,5.0,2.3,2.8,2,3,0.9294117647058824,-1.0,0.3593749999999999,0,3.0,0,1,1.0,1.0,5.0,0.6
VfB Stuttgart,Augsburg,1,3,0,1,7.16,,,73,39,34,16,True,True,False,1.1,,7.9,,6.4,,3.0,,8.0,,2.3,,2,11,,,0.3593749999999999,1,3.0,0,0,1.0,1.0,5.0,0.6
VfB Stuttgart,Borussia Mönchengladbach,0,1,3,-1,7.16,6.81,0.3500000000000005,73,34,39,17,True,True,False,1.1,2.0,7.9,9.8,6.4,4.6,3.0,6.0,8.0,6.0,2.3,1.6,2,14,0.8061224489795918,-3.0,0.3593749999999999,0,2.0,0,1,1.0,2.0,5.0,0.4
VfB Stuttgart,Bochum,0,0,1,-1,7.16,,,73,33,40,18,True,True,False,1.1,,7.9,,6.4,,3.0,,8.0,,2.3,,2,16,,,0.3593749999999999,0,1.0,0,1,1.0,3.0,5.0,0.2
VfB Stuttgart,RB Leipzig,1,5,2,1,7.16,7.08,0.08,73,65,8,19,True,True,False,1.1,1.1,7.9,7.1,6.4,6.6,3.0,5.0,8.0,7.0,2.3,2.3,2,4,1.1126760563380282,-2.0,0.3593749999999999,1,2.0,0,0,0.0,3.0,5.0,0.4
VfB Stuttgart,Freiburg,0,3,1,1,7.16,,,73,42,31,20,True,True,False,1.1,,7.9,,6.4,,3.0,,8.0,,2.3,,2,10,,,0.3593749999999999,1,3.0,0,0,0.0,2.0,5.0,0.6
VfB Stuttgart,Mainz 05,1,3,1,1,7.16,6.85,0.3100000000000005,73,35,38,21,True,True,False,1.1,1.5,7.9,10.2,6.4,4.2,3.0,4.0,8.0,5.0,2.3,1.1,2,13,0.7745098039215688,-1.0,0.3593749999999999,1,3.0,0,0,0.0,2.0,5.0,0.6
VfB Stuttgart,Darmstadt,0,2,1,1,7.16,,,73,17,56,22,True,True,False,1.1,,7.9,,6.4,,3.0,,8.0,,2.3,,2,18,,,0.3593749999999999,1,4.0,0,0,0.0,1.0,5.0,0.8
VfB Stuttgart,1. FC Köln,1,1,1,0,7.16,,,73,27,46,23,True,True,False,1.1,,7.9,,6.4,,3.0,,8.0,,2.3,,2,17,,,0.3593749999999999,0,4.0,1,0,1.0,0.0,5.0,0.8
VfB Stuttgart,Wolfsburg,0,3,2,1,7.16,6.73,0.4299999999999997,73,37,36,24,True,True,False,1.1,1.6,7.9,7.9,6.4,4.4,3.0,3.0,8.0,3.0,2.3,1.2,2,12,1.0,0.0,0.3593749999999999,1,4.0,0,0,1.0,0.0,5.0,0.8
VfB Stuttgart,Union Berlin,1,2,0,1,7.16,6.67,0.4900000000000002,73,33,40,25,True,True,False,1.1,1.7,7.9,9.0,6.4,4.0,3.0,7.0,8.0,6.0,2.3,1.0,2,15,0.8777777777777778,-4.0,0.3593749999999999,1,4.0,0,0,1.0,0.0,5.0,0.8
VfB Stuttgart,Hoffenheim,0,3,0,1,7.16,,,73,46,27,26,True,True,False,1.1,,7.9,,6.4,,3.0,,8.0,,2.3,,2,7,,,0.3593749999999999,1,4.0,0,0,1.0,0.0,5.0,0.8
VfB Stuttgart,FC Heidenheim,1,3,3,0,7.16,6.79,0.3700000000000001,73,42,31,27,True,True,False,1.1,1.6,7.9,8.9,6.4,3.5,3.0,10.0,8.0,3.0,2.3,1.5,2,8,0.8876404494382023,-7.0,0.3593749999999999,0,3.0,1,0,2.0,0.0,5.0,0.6
VfB Stuttgart,Borussia Dortmund,0,1,0,1,7.16,7.04,0.1200000000000001,73,63,10,28,True,True,False,1.1,1.3,7.9,7.4,6.4,5.6,3.0,6.0,8.0,6.0,2.3,2.0,2,5,1.0675675675675675,-3.0,0.3593749999999999,1,4.0,0,0,1.0,0.0,5.0,0.8
VfB Stuttgart,Eintracht Frankfurt,1,3,0,1,7.16,6.87,0.29,73,47,26,29,True,True,False,1.1,1.5,7.9,8.9,6.4,4.3,3.0,11.0,8.0,3.0,2.3,1.5,2,6,0.8876404494382023,-8.0,0.3593749999999999,1,4.0,0,0,1.0,0.0,5.0,0.8
VfB Stuttgart,Werder Bremen,0,1,2,-1,7.16,6.89,0.2700000000000004,73,42,31,30,True,True,False,1.1,1.6,7.9,8.4,6.4,3.9,3.0,6.0,8.0,6.0,2.3,1.4,2,9,0.9404761904761904,-3.0,0.3593749999999999,0,3.0,0,1,1.0,1.0,5.0,0.6
VfB Stuttgart,Bayer Leverkusen,0,2,2,0,7.16,7.46,-0.2999999999999998,73,90,-17,31,True,True,False,1.1,0.7,7.9,6.6,6.4,7.1,3.0,,8.0,8.0,2.3,2.6,2,1,1.196969696969697,,0.3593749999999999,0,2.0,1,0,2.0,1.0,5.0,0.4
VfB Stuttgart,Bayern München,1,3,1,1,7.16,7.22,-0.0599999999999996,73,72,1,32,True,True,False,1.1,1.3,7.9,8.5,6.4,7.1,3.0,4.0,8.0,5.0,2.3,2.8,2,3,0.9294117647058824,-1.0,0.3593749999999999,1,3.0,0,0,1.0,1.0,5.0,0.6
VfB Stuttgart,Augsburg,0,1,0,1,7.16,,,73,39,34,33,True,True,False,1.1,,7.9,,6.4,,3.0,,8.0,,2.3,,2,11,,,0.3593749999999999,1,3.0,0,0,1.0,1.0,5.0,0.6
VfB Stuttgart,Borussia Mönchengladbach,1,4,0,1,7.16,6.81,0.3500000000000005,73,34,39,34,True,True,False,1.1,2.0,7.9,9.8,6.4,4.6,3.0,6.0,8.0,6.0,2.3,1.6,2,14,0.8061224489795918,-3.0,0.3593749999999999,1,3.0,0,0,1.0,1.0,5.0,0.6
Werder Bremen,Darmstadt,0,2,4,-1,6.89,,,42,17,25,6,True,True,False,1.6,,8.4,,3.9,,6.0,,6.0,,1.4,,9,18,,,0.358974358974359,0,0.0,0,1,0.0,1.0,1.0,0.0
Werder Bremen,Hoffenheim,1,2,3,-1,6.89,,,42,46,-4,7,True,True,False,1.6,,8.4,,3.9,,6.0,,6.0,,1.4,,9,7,,,0.358974358974359,0,0.0,0,1,0.0,2.0,2.0,0.0
Werder Bremen,Borussia Dortmund,0,0,1,-1,6.89,7.04,-0.1500000000000003,42,63,-21,8,True,True,False,1.6,1.3,8.4,7.4,3.9,5.6,6.0,6.0,6.0,6.0,1.4,2.0,9,5,1.135135135135135,0.0,0.358974358974359,0,0.0,0,1,0.0,3.0,3.0,0.0
Werder Bremen,Union Berlin,1,2,0,1,6.89,6.67,0.2199999999999997,42,33,9,9,True,True,False,1.6,1.7,8.4,9.0,3.9,4.0,6.0,7.0,6.0,6.0,1.4,1.0,9,15,0.9333333333333332,-1.0,0.358974358974359,1,1.0,0,0,0.0,3.0,4.0,0.25
Werder Bremen,Wolfsburg,0,2,2,0,6.89,6.73,0.1599999999999992,42,37,5,10,True,True,False,1.6,1.6,8.4,7.9,3.9,4.4,6.0,3.0,6.0,3.0,1.4,1.2,9,12,1.0632911392405062,3.0,0.358974358974359,0,1.0,1,0,1.0,3.0,5.0,0.2
Werder Bremen,Eintracht Frankfurt,1,2,2,0,6.89,6.87,0.0199999999999995,42,47,-5,11,True,True,False,1.6,1.5,8.4,8.9,3.9,4.3,6.0,11.0,6.0,3.0,1.4,1.5,9,6,0.9438202247191012,-5.0,0.358974358974359,0,1.0,1,0,2.0,2.0,5.0,0.2
Werder Bremen,Bayer Leverkusen,1,0,3,-1,6.89,7.46,-0.5700000000000003,42,90,-48,12,True,True,False,1.6,0.7,8.4,6.6,3.9,7.1,6.0,,6.0,8.0,1.4,2.6,9,1,1.272727272727273,,0.358974358974359,0,1.0,0,1,2.0,2.0,5.0,0.2
Werder Bremen,VfB Stuttgart,0,0,2,-1,6.89,7.16,-0.2700000000000004,42,73,-31,13,True,True,False,1.6,1.1,8.4,7.9,3.9,6.4,6.0,3.0,6.0,8.0,1.4,2.3,9,2,1.0632911392405062,3.0,0.358974358974359,0,1.0,0,1,2.0,2.0,5.0,0.2
Werder Bremen,Augsburg,1,2,0,1,6.89,,,42,39,3,14,True,True,False,1.6,,8.4,,3.9,,6.0,,6.0,,1.4,,9,11,,,0.358974358974359,1,1.0,0,0,2.0,2.0,5.0,0.2
Werder Bremen,Borussia Mönchengladbach,0,2,2,0,6.89,6.81,0.08,42,34,8,15,True,True,False,1.6,2.0,8.4,9.8,3.9,4.6,6.0,6.0,6.0,6.0,1.4,1.6,9,14,0.8571428571428571,0.0,0.358974358974359,0,1.0,1,0,2.0,2.0,5.0,0.2
Werder Bremen,RB Leipzig,1,1,1,0,6.89,7.08,-0.1900000000000004,42,65,-23,16,True,True,False,1.6,1.1,8.4,7.1,3.9,6.6,6.0,5.0,6.0,7.0,1.4,2.3,9,4,1.183098591549296,1.0,0.358974358974359,0,1.0,1,0,2.0,2.0,5.0,0.2
Werder Bremen,Bochum,0,1,1,0,6.89,,,42,33,9,17,True,True,False,1.6,,8.4,,3.9,,6.0,,6.0,,1.4,,9,16,,,0.358974358974359,0,1.0,1,0,3.0,1.0,5.0,0.2
Werder Bremen,Bayern München,0,1,0,1,6.89,7.22,-0.33,42,72,-30,18,True,True,False,1.6,1.3,8.4,8.5,3.9,7.1,6.0,4.0,6.0,5.0,1.4,2.8,9,3,0.9882352941176472,2.0,0.358974358974359,1,2.0,0,0,3.0,0.0,5.0,0.4
Werder Bremen,Freiburg,1,3,1,1,6.89,,,42,42,0,19,True,True,False,1.6,,8.4,,3.9,,6.0,,6.0,,1.4,,9,10,,,0.358974358974359,1,2.0,0,0,3.0,0.0,5.0,0.4
Werder Bremen,Mainz 05,0,1,0,1,6.89,6.85,0.04,42,35,7,20,True,True,False,1.6,1.5,8.4,10.2,3.9,4.2,6.0,4.0,6.0,5.0,1.4,1.1,9,13,0.823529411764706,2.0,0.358974358974359,1,3.0,0,0,2.0,0.0,5.0,0.6
Werder Bremen,FC Heidenheim,1,1,2,-1,6.89,6.79,0.0999999999999996,42,42,0,21,True,True,False,1.6,1.6,8.4,8.9,3.9,3.5,6.0,10.0,6.0,3.0,1.4,1.5,9,8,0.9438202247191012,-4.0,0.358974358974359,0,3.0,0,1,1.0,1.0,5.0,0.6
Werder Bremen,1. FC Köln,0,1,0,1,6.89,,,42,27,15,22,True,True,False,1.6,,8.4,,3.9,,6.0,,6.0,,1.4,,9,17,,,0.358974358974359,1,4.0,0,0,0.0,1.0,5.0,0.8
Werder Bremen,Darmstadt,1,1,1,0,6.89,,,42,17,25,23,True,True,False,1.6,,8.4,,3.9,,6.0,,6.0,,1.4,,9,18,,,0.358974358974359,0,3.0,1,0,1.0,1.0,5.0,0.6
Werder Bremen,Hoffenheim,0,1,2,-1,6.89,,,42,46,-4,24,True,True,False,1.6,,8.4,,3.9,,6.0,,6.0,,1.4,,9,7,,,0.358974358974359,0,2.0,0,1,1.0,2.0,5.0,0.4
Werder Bremen,Borussia Dortmund,1,1,2,-1,6.89,7.04,-0.1500000000000003,42,63,-21,25,True,True,False,1.6,1.3,8.4,7.4,3.9,5.6,6.0,6.0,6.0,6.0,1.4,2.0,9,5,1.135135135135135,0.0,0.358974358974359,0,1.0,0,1,1.0,3.0,5.0,0.2
Werder Bremen,Union Berlin,0,1,2,-1,6.89,6.67,0.2199999999999997,42,33,9,26,True,True,False,1.6,1.7,8.4,9.0,3.9,4.0,6.0,7.0,6.0,6.0,1.4,1.0,9,15,0.9333333333333332,-1.0,0.358974358974359,0,1.0,0,1,1.0,3.0,5.0,0.2
Werder Bremen,Wolfsburg,1,0,2,-1,6.89,6.73,0.1599999999999992,42,37,5,27,True,True,False,1.6,1.6,8.4,7.9,3.9,4.4,6.0,3.0,6.0,3.0,1.4,1.2,9,12,1.0632911392405062,3.0,0.358974358974359,0,0.0,0,1,1.0,4.0,5.0,0.0
Werder Bremen,Eintracht Frankfurt,0,1,1,0,6.89,6.87,0.0199999999999995,42,47,-5,28,True,True,False,1.6,1.5,8.4,8.9,3.9,4.3,6.0,11.0,6.0,3.0,1.4,1.5,9,6,0.9438202247191012,-5.0,0.358974358974359,0,0.0,1,0,1.0,4.0,5.0,0.0
Werder Bremen,Bayer Leverkusen,0,0,5,-1,6.89,7.46,-0.5700000000000003,42,90,-48,29,True,True,False,1.6,0.7,8.4,6.6,3.9,7.1,6.0,,6.0,8.0,1.4,2.6,9,1,1.272727272727273,,0.358974358974359,0,0.0,0,1,1.0,4.0,5.0,0.0
Werder Bremen,VfB Stuttgart,1,2,1,1,6.89,7.16,-0.2700000000000004,42,73,-31,30,True,True,False,1.6,1.1,8.4,7.9,3.9,6.4,6.0,3.0,6.0,8.0,1.4,2.3,9,2,1.0632911392405062,3.0,0.358974358974359,1,1.0,0,0,1.0,3.0,5.0,0.2
Werder Bremen,Augsburg,0,3,0,1,6.89,,,42,39,3,31,True,True,False,1.6,,8.4,,3.9,,6.0,,6.0,,1.4,,9,11,,,0.358974358974359,1,2.0,0,0,1.0,2.0,5.0,0.4
Werder Bremen,Borussia Mönchengladbach,1,2,2,0,6.89,6.81,0.08,42,34,8,32,True,True,False,1.6,2.0,8.4,9.8,3.9,4.6,6.0,6.0,6.0,6.0,1.4,1.6,9,14,0.8571428571428571,0.0,0.358974358974359,0,2.0,1,0,2.0,1.0,5.0,0.4
Werder Bremen,RB Leipzig,0,1,1,0,6.89,7.08,-0.1900000000000004,42,65,-23,33,True,True,False,1.6,1.1,8.4,7.1,3.9,6.6,6.0,5.0,6.0,7.0,1.4,2.3,9,4,1.183098591549296,1.0,0.358974358974359,0,2.0,1,0,2.0,1.0,5.0,0.4
Werder Bremen,Bochum,1,4,1,1,6.89,,,42,33,9,34,True,True,False,1.6,,8.4,,3.9,,6.0,,6.0,,1.4,,9,16,,,0.358974358974359,1,3.0,0,0,2.0,0.0,5.0,0.6
Wolfsburg,Eintracht Frankfurt,1,2,0,1,6.73,6.87,-0.1399999999999996,37,47,-10,6,True,True,False,1.6,1.5,7.9,8.9,4.4,4.3,3.0,11.0,3.0,3.0,1.2,1.5,12,6,0.8876404494382023,-8.0,0.2727272727272727,1,1.0,0,0,0.0,0.0,1.0,1.0
Wolfsburg,VfB Stuttgart,0,1,3,-1,6.73,7.16,-0.4299999999999997,37,73,-36,7,True,True,False,1.6,1.1,7.9,7.9,4.4,6.4,3.0,3.0,3.0,8.0,1.2,2.3,12,2,1.0,0.0,0.2727272727272727,0,1.0,0,1,0.0,1.0,2.0,0.5
Wolfsburg,Bayer Leverkusen,1,1,2,-1,6.73,7.46,-0.7299999999999995,37,90,-53,8,True,True,False,1.6,0.7,7.9,6.6,4.4,7.1,3.0,,3.0,8.0,1.2,2.6,12,1,1.196969696969697,,0.2727272727272727,0,1.0,0,1,0.0,2.0,3.0,0.3333333333333333
Wolfsburg,Augsburg,0,2,3,-1,6.73,,,37,39,-2,9,True,True,False,1.6,,7.9,,4.4,,3.0,,3.0,,1.2,,12,11,,,0.2727272727272727,0,1.0,0,1,0.0,3.0,4.0,0.25
Wolfsburg,Werder Bremen,1,2,2,0,6.73,6.89,-0.1599999999999992,37,42,-5,10,True,True,False,1.6,1.6,7.9,8.4,4.4,3.9,3.0,6.0,3.0,6.0,1.2,1.4,12,9,0.9404761904761904,-3.0,0.2727272727272727,0,1.0,1,0,1.0,3.0,5.0,0.2
Wolfsburg,Borussia Mönchengladbach,0,0,4,-1,6.73,6.81,-0.0799999999999991,37,34,3,11,True,True,False,1.6,2.0,7.9,9.8,4.4,4.6,3.0,6.0,3.0,6.0,1.2,1.6,12,14,0.8061224489795918,-3.0,0.2727272727272727,0,0.0,0,1,1.0,4.0,5.0,0.0
Wolfsburg,RB Leipzig,1,2,1,1,6.73,7.08,-0.3499999999999996,37,65,-28,12,True,True,False,1.6,1.1,7.9,7.1,4.4,6.6,3.0,5.0,3.0,7.0,1.2,2.3,12,4,1.1126760563380282,-2.0,0.2727272727272727,1,1.0,0,0,1.0,3.0,5.0,0.2
Wolfsburg,Bochum,0,1,3,-1,6.73,,,37,33,4,13,True,True,False,1.6,,7.9,,4.4,,3.0,,3.0,,1.2,,12,16,,,0.2727272727272727,0,1.0,0,1,1.0,3.0,5.0,0.2
Wolfsburg,Freiburg,1,0,1,-1,6.73,,,37,42,-5,14,True,True,False,1.6,,7.9,,4.4,,3.0,,3.0,,1.2,,12,10,,,0.2727272727272727,0,1.0,0,1,1.0,3.0,5.0,0.2
Wolfsburg,Darmstadt,0,1,0,1,6.73,,,37,17,20,15,True,True,False,1.6,,7.9,,4.4,,3.0,,3.0,,1.2,,12,18,,,0.2727272727272727,1,2.0,0,0,0.0,3.0,5.0,0.4
Wolfsburg,Bayern München,1,1,2,-1,6.73,7.22,-0.4899999999999993,37,72,-35,16,True,True,False,1.6,1.3,7.9,8.5,4.4,7.1,3.0,4.0,3.0,5.0,1.2,2.8,12,3,0.9294117647058824,-1.0,0.2727272727272727,0,2.0,0,1,0.0,3.0,5.0,0.4
Wolfsburg,Mainz 05,0,1,1,0,6.73,6.85,-0.1199999999999992,37,35,2,17,True,True,False,1.6,1.5,7.9,10.2,4.4,4.2,3.0,4.0,3.0,5.0,1.2,1.1,12,13,0.7745098039215688,-1.0,0.2727272727272727,0,1.0,1,0,1.0,3.0,5.0,0.2
Wolfsburg,FC Heidenheim,0,1,1,0,6.73,6.79,-0.0599999999999996,37,42,-5,18,True,True,False,1.6,1.6,7.9,8.9,4.4,3.5,3.0,10.0,3.0,3.0,1.2,1.5,12,8,0.8876404494382023,-7.0,0.2727272727272727,0,1.0,1,0,2.0,2.0,5.0,0.2
Wolfsburg,1. FC Köln,1,1,1,0,6.73,,,37,27,10,19,True,True,False,1.6,,7.9,,4.4,,3.0,,3.0,,1.2,,12,17,,,0.2727272727272727,0,1.0,1,0,3.0,1.0,5.0,0.2
Wolfsburg,Hoffenheim,1,2,2,0,6.73,,,37,46,-9,20,True,True,False,1.6,,7.9,,4.4,,3.0,,3.0,,1.2,,12,7,,,0.2727272727272727,0,0.0,1,0,4.0,1.0,5.0,0.0
Wolfsburg,Union Berlin,0,0,1,-1,6.73,6.67,0.0600000000000005,37,33,4,21,True,True,False,1.6,1.7,7.9,9.0,4.4,4.0,3.0,7.0,3.0,6.0,1.2,1.0,12,15,0.8777777777777778,-4.0,0.2727272727272727,0,0.0,0,1,4.0,1.0,5.0,0.0
Wolfsburg,Borussia Dortmund,1,1,1,0,6.73,7.04,-0.3099999999999996,37,63,-26,22,True,True,False,1.6,1.3,7.9,7.4,4.4,5.6,3.0,6.0,3.0,6.0,1.2,2.0,12,5,1.0675675675675675,-3.0,0.2727272727272727,0,0.0,1,0,4.0,1.0,5.0,0.0
Wolfsburg,Eintracht Frankfurt,0,2,2,0,6.73,6.87,-0.1399999999999996,37,47,-10,23,True,True,False,1.6,1.5,7.9,8.9,4.4,4.3,3.0,11.0,3.0,3.0,1.2,1.5,12,6,0.8876404494382023,-8.0,0.2727272727272727,0,0.0,1,0,4.0,1.0,5.0,0.0
Wolfsburg,VfB Stuttgart,1,2,3,-1,6.73,7.16,-0.4299999999999997,37,73,-36,24,True,True,False,1.6,1.1,7.9,7.9,4.4,6.4,3.0,3.0,3.0,8.0,1.2,2.3,12,2,1.0,0.0,0.2727272727272727,0,0.0,0,1,3.0,2.0,5.0,0.0
Wolfsburg,Bayer Leverkusen,0,0,2,-1,6.73,7.46,-0.7299999999999995,37,90,-53,25,True,True,False,1.6,0.7,7.9,6.6,4.4,7.1,3.0,,3.0,8.0,1.2,2.6,12,1,1.196969696969697,,0.2727272727272727,0,0.0,0,1,2.0,3.0,5.0,0.0
Wolfsburg,Augsburg,1,1,3,-1,6.73,,,37,39,-2,26,True,True,False,1.6,,7.9,,4.4,,3.0,,3.0,,1.2,,12,11,,,0.2727272727272727,0,0.0,0,1,2.0,3.0,5.0,0.0
Wolfsburg,Werder Bremen,0,2,0,1,6.73,6.89,-0.1599999999999992,37,42,-5,27,True,True,False,1.6,1.6,7.9,8.4,4.4,3.9,3.0,6.0,3.0,6.0,1.2,1.4,12,9,0.9404761904761904,-3.0,0.2727272727272727,1,1.0,0,0,1.0,3.0,5.0,0.2
Wolfsburg,Borussia Mönchengladbach,1,1,3,-1,6.73,6.81,-0.0799999999999991,37,34,3,28,True,True,False,1.6,2.0,7.9,9.8,4.4,4.6,3.0,6.0,3.0,6.0,1.2,1.6,12,14,0.8061224489795918,-3.0,0.2727272727272727,0,1.0,0,1,0.0,4.0,5.0,0.2
Wolfsburg,RB Leipzig,0,0,3,-1,6.73,7.08,-0.3499999999999996,37,65,-28,29,True,True,False,1.6,1.1,7.9,7.1,4.4,6.6,3.0,5.0,3.0,7.0,1.2,2.3,12,4,1.1126760563380282,-2.0,0.2727272727272727,0,1.0,0,1,0.0,4.0,5.0,0.2
Wolfsburg,Bochum,1,1,0,1,6.73,,,37,33,4,30,True,True,False,1.6,,7.9,,4.4,,3.0,,3.0,,1.2,,12,16,,,0.2727272727272727,1,2.0,0,0,0.0,3.0,5.0,0.4
Wolfsburg,Freiburg,0,2,1,1,6.73,,,37,42,-5,31,True,True,False,1.6,,7.9,,4.4,,3.0,,3.0,,1.2,,12,10,,,0.2727272727272727,1,3.0,0,0,0.0,2.0,5.0,0.6
Wolfsburg,Darmstadt,1,3,0,1,6.73,,,37,17,20,32,True,True,False,1.6,,7.9,,4.4,,3.0,,3.0,,1.2,,12,18,,,0.2727272727272727,1,3.0,0,0,0.0,2.0,5.0,0.6
Wolfsburg,Bayern München,0,0,2,-1,6.73,7.22,-0.4899999999999993,37,72,-35,33,True,True,False,1.6,1.3,7.9,8.5,4.4,7.1,3.0,4.0,3.0,5.0,1.2,2.8,12,3,0.9294117647058824,-1.0,0.2727272727272727,0,3.0,0,1,0.0,2.0,5.0,0.6
Wolfsburg,Mainz 05,1,1,3,-1,6.73,6.85,-0.1199999999999992,37,35,2,34,True,True,False,1.6,1.5,7.9,10.2,4.4,4.2,3.0,4.0,3.0,5.0,1.2,1.1,12,13,0.7745098039215688,-1.0,0.2727272727272727,0,3.0,0,1,0.0,2.0,5.0,0.6
